Entity,Code,Year,"Death rate per 100,000 people - Cause: Mental and substance use disorders - Sex: Both sexes - Age group: ALLAges"
Afghanistan,AFG,2000,1.12
Afghanistan,AFG,2001,1.15
Afghanistan,AFG,2002,1.17
Afghanistan,AFG,2003,1.19
Afghanistan,AFG,2004,1.23
Afghanistan,AFG,2005,1.25
Afghanistan,AFG,2006,1.27
Afghanistan,AFG,2007,1.27
Afghanistan,AFG,2008,1.25
Afghanistan,AFG,2009,1.23
Afghanistan,AFG,2010,1.16
Afghanistan,AFG,2011,1.15
Afghanistan,AFG,2012,1.15
Afghanistan,AFG,2013,1.18
Afghanistan,AFG,2014,1.19
Afghanistan,AFG,2015,1.22
Afghanistan,AFG,2016,1.23
Afghanistan,AFG,2017,1.22
Afghanistan,AFG,2018,1.23
Afghanistan,AFG,2019,1.26
Africa,,2000,1.8603239
Africa,,2001,1.8499126
Africa,,2002,1.8357991
Africa,,2003,1.8343211
Africa,,2004,1.817798
Africa,,2005,1.7894528
Africa,,2006,1.7797198
Africa,,2007,1.7744111
Africa,,2008,1.7882874
Africa,,2009,1.7914239
Africa,,2010,1.7487217
Africa,,2011,1.7582266
Africa,,2012,1.775282
Africa,,2013,1.8001392
Africa,,2014,1.8175455
Africa,,2015,1.8336127
Africa,,2016,1.864001
Africa,,2017,1.8929653
Africa,,2018,1.9120913
Africa,,2019,1.9315253
Albania,ALB,2000,1.1
Albania,ALB,2001,1.19
Albania,ALB,2002,1.33
Albania,ALB,2003,1.44
Albania,ALB,2004,1.41
Albania,ALB,2005,1.48
Albania,ALB,2006,1.48
Albania,ALB,2007,1.69
Albania,ALB,2008,1.68
Albania,ALB,2009,1.53
Albania,ALB,2010,1.59
Albania,ALB,2011,1.55
Albania,ALB,2012,1.42
Albania,ALB,2013,1.45
Albania,ALB,2014,1.42
Albania,ALB,2015,1.41
Albania,ALB,2016,1.47
Albania,ALB,2017,1.49
Albania,ALB,2018,1.5
Albania,ALB,2019,1.51
Algeria,DZA,2000,1.98
Algeria,DZA,2001,2.06
Algeria,DZA,2002,2.1
Algeria,DZA,2003,2.13
Algeria,DZA,2004,2.12
Algeria,DZA,2005,2.1
Algeria,DZA,2006,2.09
Algeria,DZA,2007,2.08
Algeria,DZA,2008,2.11
Algeria,DZA,2009,2.14
Algeria,DZA,2010,2.18
Algeria,DZA,2011,2.22
Algeria,DZA,2012,2.28
Algeria,DZA,2013,2.32
Algeria,DZA,2014,2.33
Algeria,DZA,2015,2.37
Algeria,DZA,2016,2.4
Algeria,DZA,2017,2.43
Algeria,DZA,2018,2.45
Algeria,DZA,2019,2.47
Angola,AGO,2000,2.27
Angola,AGO,2001,2.13
Angola,AGO,2002,2.07
Angola,AGO,2003,2.06
Angola,AGO,2004,1.98
Angola,AGO,2005,1.86
Angola,AGO,2006,1.94
Angola,AGO,2007,1.7
Angola,AGO,2008,1.69
Angola,AGO,2009,1.48
Angola,AGO,2010,1.44
Angola,AGO,2011,1.36
Angola,AGO,2012,1.38
Angola,AGO,2013,1.42
Angola,AGO,2014,1.32
Angola,AGO,2015,1.36
Angola,AGO,2016,1.33
Angola,AGO,2017,1.32
Angola,AGO,2018,1.31
Angola,AGO,2019,1.34
Antigua and Barbuda,ATG,2000,6.49
Antigua and Barbuda,ATG,2001,4.78
Antigua and Barbuda,ATG,2002,3.13
Antigua and Barbuda,ATG,2003,2.58
Antigua and Barbuda,ATG,2004,2.64
Antigua and Barbuda,ATG,2005,3.17
Antigua and Barbuda,ATG,2006,2.64
Antigua and Barbuda,ATG,2007,2.58
Antigua and Barbuda,ATG,2008,2.48
Antigua and Barbuda,ATG,2009,2.82
Antigua and Barbuda,ATG,2010,3.42
Antigua and Barbuda,ATG,2011,3.78
Antigua and Barbuda,ATG,2012,4.65
Antigua and Barbuda,ATG,2013,3.91
Antigua and Barbuda,ATG,2014,4.17
Antigua and Barbuda,ATG,2015,4.38
Antigua and Barbuda,ATG,2016,5.82
Antigua and Barbuda,ATG,2017,6.09
Antigua and Barbuda,ATG,2018,5.62
Antigua and Barbuda,ATG,2019,5.78
Argentina,ARG,2000,3.79
Argentina,ARG,2001,3.6
Argentina,ARG,2002,3.33
Argentina,ARG,2003,3.73
Argentina,ARG,2004,3.27
Argentina,ARG,2005,3.4
Argentina,ARG,2006,3.36
Argentina,ARG,2007,3.95
Argentina,ARG,2008,3.65
Argentina,ARG,2009,3.6
Argentina,ARG,2010,3.19
Argentina,ARG,2011,3.21
Argentina,ARG,2012,3.1
Argentina,ARG,2013,3.03
Argentina,ARG,2014,3.19
Argentina,ARG,2015,3.02
Argentina,ARG,2016,3.27
Argentina,ARG,2017,2.89
Argentina,ARG,2018,2.83
Argentina,ARG,2019,3.02
Armenia,ARM,2000,0.87
Armenia,ARM,2001,1.02
Armenia,ARM,2002,1.23
Armenia,ARM,2003,1
Armenia,ARM,2004,0.88
Armenia,ARM,2005,0.91
Armenia,ARM,2006,1.03
Armenia,ARM,2007,0.98
Armenia,ARM,2008,0.92
Armenia,ARM,2009,0.88
Armenia,ARM,2010,0.86
Armenia,ARM,2011,1.18
Armenia,ARM,2012,1.28
Armenia,ARM,2013,1.28
Armenia,ARM,2014,1.27
Armenia,ARM,2015,1.39
Armenia,ARM,2016,1.36
Armenia,ARM,2017,1.46
Armenia,ARM,2018,1.38
Armenia,ARM,2019,1.43
Asia,,2000,2.1750169
Asia,,2001,2.1223083
Asia,,2002,2.1104252
Asia,,2003,2.1061897
Asia,,2004,2.1475942
Asia,,2005,2.1745827
Asia,,2006,2.19512
Asia,,2007,2.221963
Asia,,2008,2.256215
Asia,,2009,2.2138665
Asia,,2010,2.1844962
Asia,,2011,2.1568458
Asia,,2012,2.1429307
Asia,,2013,2.1678946
Asia,,2014,2.1787562
Asia,,2015,2.2039268
Asia,,2016,2.2513986
Asia,,2017,2.304123
Asia,,2018,2.345408
Asia,,2019,2.388532
Australia,AUS,2000,9.76
Australia,AUS,2001,8.01
Australia,AUS,2002,7.68
Australia,AUS,2003,7.44
Australia,AUS,2004,7.2
Australia,AUS,2005,7.54
Australia,AUS,2006,7.13
Australia,AUS,2007,7.57
Australia,AUS,2008,7.85
Australia,AUS,2009,7.92
Australia,AUS,2010,7.89
Australia,AUS,2011,7.92
Australia,AUS,2012,7.57
Australia,AUS,2013,7.51
Australia,AUS,2014,8.33
Australia,AUS,2015,8.78
Australia,AUS,2016,8.78
Australia,AUS,2017,8.75
Australia,AUS,2018,8.63
Australia,AUS,2019,8.95
Austria,AUT,2000,5.67
Austria,AUT,2001,6.09
Austria,AUT,2002,5.57
Austria,AUT,2003,6.66
Austria,AUT,2004,7.11
Austria,AUT,2005,6.41
Austria,AUT,2006,6.55
Austria,AUT,2007,7.13
Austria,AUT,2008,7.62
Austria,AUT,2009,8.75
Austria,AUT,2010,8.04
Austria,AUT,2011,7.9
Austria,AUT,2012,8.06
Austria,AUT,2013,7.89
Austria,AUT,2014,7.82
Austria,AUT,2015,8.42
Austria,AUT,2016,8
Austria,AUT,2017,7.97
Austria,AUT,2018,8.52
Austria,AUT,2019,7.87
Azerbaijan,AZE,2000,3.52
Azerbaijan,AZE,2001,3.29
Azerbaijan,AZE,2002,3.14
Azerbaijan,AZE,2003,3.01
Azerbaijan,AZE,2004,2.98
Azerbaijan,AZE,2005,2.96
Azerbaijan,AZE,2006,2.85
Azerbaijan,AZE,2007,2.71
Azerbaijan,AZE,2008,2.74
Azerbaijan,AZE,2009,2.73
Azerbaijan,AZE,2010,2.75
Azerbaijan,AZE,2011,2.8
Azerbaijan,AZE,2012,2.77
Azerbaijan,AZE,2013,2.78
Azerbaijan,AZE,2014,2.77
Azerbaijan,AZE,2015,2.75
Azerbaijan,AZE,2016,2.75
Azerbaijan,AZE,2017,2.8
Azerbaijan,AZE,2018,2.86
Azerbaijan,AZE,2019,2.93
Bahamas,BHS,2000,4
Bahamas,BHS,2001,4.13
Bahamas,BHS,2002,4.07
Bahamas,BHS,2003,4.12
Bahamas,BHS,2004,4.93
Bahamas,BHS,2005,4.73
Bahamas,BHS,2006,5.07
Bahamas,BHS,2007,4.82
Bahamas,BHS,2008,4.99
Bahamas,BHS,2009,4.91
Bahamas,BHS,2010,5.17
Bahamas,BHS,2011,5.1
Bahamas,BHS,2012,4.91
Bahamas,BHS,2013,4.54
Bahamas,BHS,2014,4.64
Bahamas,BHS,2015,5.05
Bahamas,BHS,2016,5.28
Bahamas,BHS,2017,5.17
Bahamas,BHS,2018,5.63
Bahamas,BHS,2019,5.8
Bahrain,BHR,2000,1.79
Bahrain,BHR,2001,1.63
Bahrain,BHR,2002,1.43
Bahrain,BHR,2003,1.51
Bahrain,BHR,2004,1.58
Bahrain,BHR,2005,1.47
Bahrain,BHR,2006,1.23
Bahrain,BHR,2007,1.34
Bahrain,BHR,2008,1.37
Bahrain,BHR,2009,1.21
Bahrain,BHR,2010,1.12
Bahrain,BHR,2011,0.99
Bahrain,BHR,2012,1.16
Bahrain,BHR,2013,1.19
Bahrain,BHR,2014,1.24
Bahrain,BHR,2015,1.23
Bahrain,BHR,2016,1.29
Bahrain,BHR,2017,1.37
Bahrain,BHR,2018,1.42
Bahrain,BHR,2019,1.45
Bangladesh,BGD,2000,1.4
Bangladesh,BGD,2001,1.41
Bangladesh,BGD,2002,1.42
Bangladesh,BGD,2003,1.44
Bangladesh,BGD,2004,1.47
Bangladesh,BGD,2005,1.52
Bangladesh,BGD,2006,1.56
Bangladesh,BGD,2007,1.59
Bangladesh,BGD,2008,1.63
Bangladesh,BGD,2009,1.65
Bangladesh,BGD,2010,1.64
Bangladesh,BGD,2011,1.66
Bangladesh,BGD,2012,1.69
Bangladesh,BGD,2013,1.73
Bangladesh,BGD,2014,1.76
Bangladesh,BGD,2015,1.82
Bangladesh,BGD,2016,1.86
Bangladesh,BGD,2017,1.89
Bangladesh,BGD,2018,1.94
Bangladesh,BGD,2019,1.98
Barbados,BRB,2000,1.22
Barbados,BRB,2001,1.57
Barbados,BRB,2002,1.52
Barbados,BRB,2003,1.55
Barbados,BRB,2004,1.42
Barbados,BRB,2005,2.97
Barbados,BRB,2006,2.72
Barbados,BRB,2007,3.41
Barbados,BRB,2008,2.65
Barbados,BRB,2009,2.51
Barbados,BRB,2010,2.01
Barbados,BRB,2011,2.16
Barbados,BRB,2012,1.84
Barbados,BRB,2013,1.74
Barbados,BRB,2014,2.03
Barbados,BRB,2015,2.06
Barbados,BRB,2016,2.13
Barbados,BRB,2017,2.13
Barbados,BRB,2018,2.2
Barbados,BRB,2019,2.29
Belarus,BLR,2000,32.01
Belarus,BLR,2001,33.35
Belarus,BLR,2002,34.21
Belarus,BLR,2003,33.5
Belarus,BLR,2004,32.28
Belarus,BLR,2005,32.23
Belarus,BLR,2006,31.19
Belarus,BLR,2007,30.01
Belarus,BLR,2008,29.52
Belarus,BLR,2009,31.2
Belarus,BLR,2010,35.59
Belarus,BLR,2011,36.5
Belarus,BLR,2012,35.26
Belarus,BLR,2013,37.26
Belarus,BLR,2014,37.48
Belarus,BLR,2015,36.02
Belarus,BLR,2016,36.22
Belarus,BLR,2017,34.91
Belarus,BLR,2018,34.74
Belarus,BLR,2019,33.32
Belgium,BEL,2000,5.78
Belgium,BEL,2001,6.01
Belgium,BEL,2002,5.4
Belgium,BEL,2003,5.52
Belgium,BEL,2004,5.49
Belgium,BEL,2005,5.67
Belgium,BEL,2006,5.75
Belgium,BEL,2007,5.99
Belgium,BEL,2008,6.66
Belgium,BEL,2009,6.88
Belgium,BEL,2010,6.54
Belgium,BEL,2011,6.61
Belgium,BEL,2012,7.39
Belgium,BEL,2013,7.39
Belgium,BEL,2014,6.89
Belgium,BEL,2015,7.53
Belgium,BEL,2016,7.41
Belgium,BEL,2017,7.48
Belgium,BEL,2018,7.51
Belgium,BEL,2019,7.58
Belize,BLZ,2000,2.49
Belize,BLZ,2001,2.07
Belize,BLZ,2002,2.06
Belize,BLZ,2003,2.13
Belize,BLZ,2004,2.29
Belize,BLZ,2005,1.89
Belize,BLZ,2006,1.93
Belize,BLZ,2007,1.93
Belize,BLZ,2008,1.86
Belize,BLZ,2009,2.23
Belize,BLZ,2010,2.39
Belize,BLZ,2011,2.34
Belize,BLZ,2012,2.32
Belize,BLZ,2013,2.32
Belize,BLZ,2014,2.44
Belize,BLZ,2015,2.53
Belize,BLZ,2016,2.55
Belize,BLZ,2017,2.75
Belize,BLZ,2018,2.66
Belize,BLZ,2019,2.84
Benin,BEN,2000,1.76
Benin,BEN,2001,1.79
Benin,BEN,2002,1.84
Benin,BEN,2003,1.85
Benin,BEN,2004,1.91
Benin,BEN,2005,1.94
Benin,BEN,2006,1.96
Benin,BEN,2007,1.99
Benin,BEN,2008,2.01
Benin,BEN,2009,2.06
Benin,BEN,2010,2.03
Benin,BEN,2011,2.07
Benin,BEN,2012,2.11
Benin,BEN,2013,2.16
Benin,BEN,2014,2.19
Benin,BEN,2015,2.22
Benin,BEN,2016,2.27
Benin,BEN,2017,2.32
Benin,BEN,2018,2.36
Benin,BEN,2019,2.39
Bhutan,BTN,2000,1.25
Bhutan,BTN,2001,1.26
Bhutan,BTN,2002,1.25
Bhutan,BTN,2003,1.28
Bhutan,BTN,2004,1.28
Bhutan,BTN,2005,1.29
Bhutan,BTN,2006,1.31
Bhutan,BTN,2007,1.32
Bhutan,BTN,2008,1.34
Bhutan,BTN,2009,1.37
Bhutan,BTN,2010,1.36
Bhutan,BTN,2011,1.41
Bhutan,BTN,2012,1.46
Bhutan,BTN,2013,1.49
Bhutan,BTN,2014,1.53
Bhutan,BTN,2015,1.57
Bhutan,BTN,2016,1.58
Bhutan,BTN,2017,1.63
Bhutan,BTN,2018,1.66
Bhutan,BTN,2019,1.68
Bolivia,BOL,2000,5.76
Bolivia,BOL,2001,5.57
Bolivia,BOL,2002,5.42
Bolivia,BOL,2003,5.3
Bolivia,BOL,2004,5.19
Bolivia,BOL,2005,5.14
Bolivia,BOL,2006,4.97
Bolivia,BOL,2007,5.03
Bolivia,BOL,2008,4.95
Bolivia,BOL,2009,4.97
Bolivia,BOL,2010,4.95
Bolivia,BOL,2011,4.99
Bolivia,BOL,2012,4.89
Bolivia,BOL,2013,4.99
Bolivia,BOL,2014,5.13
Bolivia,BOL,2015,5.24
Bolivia,BOL,2016,5.43
Bolivia,BOL,2017,5.39
Bolivia,BOL,2018,5.39
Bolivia,BOL,2019,5.46
Bosnia and Herzegovina,BIH,2000,5.79
Bosnia and Herzegovina,BIH,2001,5.03
Bosnia and Herzegovina,BIH,2002,4.39
Bosnia and Herzegovina,BIH,2003,3.93
Bosnia and Herzegovina,BIH,2004,3.59
Bosnia and Herzegovina,BIH,2005,3.65
Bosnia and Herzegovina,BIH,2006,3.47
Bosnia and Herzegovina,BIH,2007,3.66
Bosnia and Herzegovina,BIH,2008,3.44
Bosnia and Herzegovina,BIH,2009,3.4
Bosnia and Herzegovina,BIH,2010,3.36
Bosnia and Herzegovina,BIH,2011,3.44
Bosnia and Herzegovina,BIH,2012,3.3
Bosnia and Herzegovina,BIH,2013,3.32
Bosnia and Herzegovina,BIH,2014,3.29
Bosnia and Herzegovina,BIH,2015,3.34
Bosnia and Herzegovina,BIH,2016,3.35
Bosnia and Herzegovina,BIH,2017,3.39
Bosnia and Herzegovina,BIH,2018,3.46
Bosnia and Herzegovina,BIH,2019,3.5
Botswana,BWA,2000,3.39
Botswana,BWA,2001,3.35
Botswana,BWA,2002,3.25
Botswana,BWA,2003,3.11
Botswana,BWA,2004,3.26
Botswana,BWA,2005,3.32
Botswana,BWA,2006,3.19
Botswana,BWA,2007,3.03
Botswana,BWA,2008,3.04
Botswana,BWA,2009,2.87
Botswana,BWA,2010,2.77
Botswana,BWA,2011,2.83
Botswana,BWA,2012,2.91
Botswana,BWA,2013,2.9
Botswana,BWA,2014,2.77
Botswana,BWA,2015,2.69
Botswana,BWA,2016,2.6
Botswana,BWA,2017,2.55
Botswana,BWA,2018,2.55
Botswana,BWA,2019,2.45
Brazil,BRA,2000,3.99
Brazil,BRA,2001,4.11
Brazil,BRA,2002,4.06
Brazil,BRA,2003,4.08
Brazil,BRA,2004,4.39
Brazil,BRA,2005,4.6
Brazil,BRA,2006,4.67
Brazil,BRA,2007,4.85
Brazil,BRA,2008,5.06
Brazil,BRA,2009,4.82
Brazil,BRA,2010,4.98
Brazil,BRA,2011,5.17
Brazil,BRA,2012,4.99
Brazil,BRA,2013,5.1
Brazil,BRA,2014,4.83
Brazil,BRA,2015,4.8
Brazil,BRA,2016,4.76
Brazil,BRA,2017,4.73
Brazil,BRA,2018,4.92
Brazil,BRA,2019,4.94
Brunei,BRN,2000,0.93
Brunei,BRN,2001,0.8
Brunei,BRN,2002,0.84
Brunei,BRN,2003,0.76
Brunei,BRN,2004,0.86
Brunei,BRN,2005,0.65
Brunei,BRN,2006,0.86
Brunei,BRN,2007,0.81
Brunei,BRN,2008,0.75
Brunei,BRN,2009,0.57
Brunei,BRN,2010,0.57
Brunei,BRN,2011,0.96
Brunei,BRN,2012,0.86
Brunei,BRN,2013,0.86
Brunei,BRN,2014,1.01
Brunei,BRN,2015,0.94
Brunei,BRN,2016,0.99
Brunei,BRN,2017,1.12
Brunei,BRN,2018,1.33
Brunei,BRN,2019,1.52
Bulgaria,BGR,2000,2.16
Bulgaria,BGR,2001,2.29
Bulgaria,BGR,2002,2.04
Bulgaria,BGR,2003,1.92
Bulgaria,BGR,2004,2.31
Bulgaria,BGR,2005,2.95
Bulgaria,BGR,2006,2.57
Bulgaria,BGR,2007,2.19
Bulgaria,BGR,2008,2.5
Bulgaria,BGR,2009,2.36
Bulgaria,BGR,2010,2.24
Bulgaria,BGR,2011,2.12
Bulgaria,BGR,2012,2.09
Bulgaria,BGR,2013,1.99
Bulgaria,BGR,2014,2.16
Bulgaria,BGR,2015,2.22
Bulgaria,BGR,2016,2.15
Bulgaria,BGR,2017,1.89
Bulgaria,BGR,2018,2.02
Bulgaria,BGR,2019,2.01
Burkina Faso,BFA,2000,1.45
Burkina Faso,BFA,2001,1.43
Burkina Faso,BFA,2002,1.39
Burkina Faso,BFA,2003,1.39
Burkina Faso,BFA,2004,1.4
Burkina Faso,BFA,2005,1.4
Burkina Faso,BFA,2006,1.42
Burkina Faso,BFA,2007,1.42
Burkina Faso,BFA,2008,1.44
Burkina Faso,BFA,2009,1.47
Burkina Faso,BFA,2010,1.45
Burkina Faso,BFA,2011,1.45
Burkina Faso,BFA,2012,1.53
Burkina Faso,BFA,2013,1.54
Burkina Faso,BFA,2014,1.54
Burkina Faso,BFA,2015,1.55
Burkina Faso,BFA,2016,1.56
Burkina Faso,BFA,2017,1.56
Burkina Faso,BFA,2018,1.58
Burkina Faso,BFA,2019,1.59
Burundi,BDI,2000,1.24
Burundi,BDI,2001,1.19
Burundi,BDI,2002,1.17
Burundi,BDI,2003,1.15
Burundi,BDI,2004,1.15
Burundi,BDI,2005,1.15
Burundi,BDI,2006,1.15
Burundi,BDI,2007,1.13
Burundi,BDI,2008,1.13
Burundi,BDI,2009,1.14
Burundi,BDI,2010,1.13
Burundi,BDI,2011,1.13
Burundi,BDI,2012,1.13
Burundi,BDI,2013,1.13
Burundi,BDI,2014,1.11
Burundi,BDI,2015,1.09
Burundi,BDI,2016,1.1
Burundi,BDI,2017,1.12
Burundi,BDI,2018,1.12
Burundi,BDI,2019,1.12
Cambodia,KHM,2000,1.26
Cambodia,KHM,2001,1.2
Cambodia,KHM,2002,1.15
Cambodia,KHM,2003,1.1
Cambodia,KHM,2004,1.13
Cambodia,KHM,2005,1.16
Cambodia,KHM,2006,1.19
Cambodia,KHM,2007,1.2
Cambodia,KHM,2008,1.19
Cambodia,KHM,2009,1.18
Cambodia,KHM,2010,1.16
Cambodia,KHM,2011,1.16
Cambodia,KHM,2012,1.15
Cambodia,KHM,2013,1.15
Cambodia,KHM,2014,1.14
Cambodia,KHM,2015,1.15
Cambodia,KHM,2016,1.16
Cambodia,KHM,2017,1.17
Cambodia,KHM,2018,1.19
Cambodia,KHM,2019,1.19
Cameroon,CMR,2000,3.25
Cameroon,CMR,2001,3.3
Cameroon,CMR,2002,3.24
Cameroon,CMR,2003,3.28
Cameroon,CMR,2004,3.26
Cameroon,CMR,2005,3.33
Cameroon,CMR,2006,3.36
Cameroon,CMR,2007,3.39
Cameroon,CMR,2008,3.48
Cameroon,CMR,2009,3.59
Cameroon,CMR,2010,3.57
Cameroon,CMR,2011,3.69
Cameroon,CMR,2012,3.84
Cameroon,CMR,2013,3.94
Cameroon,CMR,2014,4.02
Cameroon,CMR,2015,4.05
Cameroon,CMR,2016,4.11
Cameroon,CMR,2017,4.16
Cameroon,CMR,2018,4.26
Cameroon,CMR,2019,4.35
Canada,CAN,2000,8.35
Canada,CAN,2001,8.7
Canada,CAN,2002,8.92
Canada,CAN,2003,8.86
Canada,CAN,2004,9.15
Canada,CAN,2005,9.41
Canada,CAN,2006,9.56
Canada,CAN,2007,10.04
Canada,CAN,2008,10.4
Canada,CAN,2009,10.67
Canada,CAN,2010,10.69
Canada,CAN,2011,10.85
Canada,CAN,2012,11.38
Canada,CAN,2013,11.64
Canada,CAN,2014,12.11
Canada,CAN,2015,12.22
Canada,CAN,2016,12.33
Canada,CAN,2017,13.28
Canada,CAN,2018,13.86
Canada,CAN,2019,14.4
Cape Verde,CPV,2000,1.81
Cape Verde,CPV,2001,1.84
Cape Verde,CPV,2002,1.89
Cape Verde,CPV,2003,1.95
Cape Verde,CPV,2004,2.04
Cape Verde,CPV,2005,2.13
Cape Verde,CPV,2006,2.22
Cape Verde,CPV,2007,2.23
Cape Verde,CPV,2008,2.44
Cape Verde,CPV,2009,2.54
Cape Verde,CPV,2010,2.61
Cape Verde,CPV,2011,2.69
Cape Verde,CPV,2012,2.71
Cape Verde,CPV,2013,2.77
Cape Verde,CPV,2014,2.82
Cape Verde,CPV,2015,2.84
Cape Verde,CPV,2016,2.95
Cape Verde,CPV,2017,3.03
Cape Verde,CPV,2018,3.15
Cape Verde,CPV,2019,3.21
Central African Republic,CAF,2000,3.14
Central African Republic,CAF,2001,2.91
Central African Republic,CAF,2002,2.87
Central African Republic,CAF,2003,2.73
Central African Republic,CAF,2004,2.65
Central African Republic,CAF,2005,2.58
Central African Republic,CAF,2006,2.72
Central African Republic,CAF,2007,2.67
Central African Republic,CAF,2008,2.61
Central African Republic,CAF,2009,2.74
Central African Republic,CAF,2010,2.66
Central African Republic,CAF,2011,2.6
Central African Republic,CAF,2012,2.53
Central African Republic,CAF,2013,2.53
Central African Republic,CAF,2014,2.47
Central African Republic,CAF,2015,2.38
Central African Republic,CAF,2016,2.3
Central African Republic,CAF,2017,2.35
Central African Republic,CAF,2018,2.26
Central African Republic,CAF,2019,2.23
Chad,TCD,2000,1.52
Chad,TCD,2001,1.53
Chad,TCD,2002,1.53
Chad,TCD,2003,1.57
Chad,TCD,2004,1.55
Chad,TCD,2005,1.6
Chad,TCD,2006,1.61
Chad,TCD,2007,1.68
Chad,TCD,2008,1.68
Chad,TCD,2009,1.71
Chad,TCD,2010,1.67
Chad,TCD,2011,1.72
Chad,TCD,2012,1.77
Chad,TCD,2013,1.81
Chad,TCD,2014,1.83
Chad,TCD,2015,1.86
Chad,TCD,2016,1.89
Chad,TCD,2017,1.98
Chad,TCD,2018,2
Chad,TCD,2019,2.03
Chile,CHL,2000,3.7
Chile,CHL,2001,3.91
Chile,CHL,2002,4.22
Chile,CHL,2003,4.08
Chile,CHL,2004,3.69
Chile,CHL,2005,3.73
Chile,CHL,2006,3.53
Chile,CHL,2007,3.35
Chile,CHL,2008,3.36
Chile,CHL,2009,3.66
Chile,CHL,2010,3.38
Chile,CHL,2011,2.92
Chile,CHL,2012,3.24
Chile,CHL,2013,2.77
Chile,CHL,2014,2.4
Chile,CHL,2015,2.81
Chile,CHL,2016,2.32
Chile,CHL,2017,2
Chile,CHL,2018,1.95
Chile,CHL,2019,2.14
China,CHN,2000,2.54
China,CHN,2001,2.43
China,CHN,2002,2.41
China,CHN,2003,2.4
China,CHN,2004,2.46
China,CHN,2005,2.48
China,CHN,2006,2.5
China,CHN,2007,2.51
China,CHN,2008,2.58
China,CHN,2009,2.59
China,CHN,2010,2.61
China,CHN,2011,2.61
China,CHN,2012,2.63
China,CHN,2013,2.69
China,CHN,2014,2.72
China,CHN,2015,2.77
China,CHN,2016,2.81
China,CHN,2017,2.88
China,CHN,2018,2.93
China,CHN,2019,3.01
Colombia,COL,2000,0.62
Colombia,COL,2001,0.58
Colombia,COL,2002,0.57
Colombia,COL,2003,0.63
Colombia,COL,2004,0.58
Colombia,COL,2005,0.56
Colombia,COL,2006,0.62
Colombia,COL,2007,0.65
Colombia,COL,2008,0.68
Colombia,COL,2009,0.73
Colombia,COL,2010,0.77
Colombia,COL,2011,0.9
Colombia,COL,2012,0.89
Colombia,COL,2013,0.85
Colombia,COL,2014,0.89
Colombia,COL,2015,0.92
Colombia,COL,2016,0.97
Colombia,COL,2017,1
Colombia,COL,2018,1.04
Colombia,COL,2019,1.07
Comoros,COM,2000,1.17
Comoros,COM,2001,1.18
Comoros,COM,2002,1.16
Comoros,COM,2003,1.17
Comoros,COM,2004,1.19
Comoros,COM,2005,1.17
Comoros,COM,2006,1.17
Comoros,COM,2007,1.16
Comoros,COM,2008,1.26
Comoros,COM,2009,1.1
Comoros,COM,2010,1.25
Comoros,COM,2011,1.14
Comoros,COM,2012,1.22
Comoros,COM,2013,1.23
Comoros,COM,2014,1.36
Comoros,COM,2015,1.37
Comoros,COM,2016,1.4
Comoros,COM,2017,1.42
Comoros,COM,2018,1.44
Comoros,COM,2019,1.47
Congo,COG,2000,4.68
Congo,COG,2001,4.03
Congo,COG,2002,3.75
Congo,COG,2003,3.57
Congo,COG,2004,3.55
Congo,COG,2005,3.41
Congo,COG,2006,3.2
Congo,COG,2007,3.04
Congo,COG,2008,2.92
Congo,COG,2009,2.99
Congo,COG,2010,2.84
Congo,COG,2011,2.77
Congo,COG,2012,2.75
Congo,COG,2013,2.66
Congo,COG,2014,2.49
Congo,COG,2015,2.3
Congo,COG,2016,2.26
Congo,COG,2017,2.15
Congo,COG,2018,2.1
Congo,COG,2019,2.07
Costa Rica,CRI,2000,1.58
Costa Rica,CRI,2001,1.35
Costa Rica,CRI,2002,1.31
Costa Rica,CRI,2003,1.36
Costa Rica,CRI,2004,1.8
Costa Rica,CRI,2005,1.61
Costa Rica,CRI,2006,2.02
Costa Rica,CRI,2007,1.75
Costa Rica,CRI,2008,1.95
Costa Rica,CRI,2009,1.82
Costa Rica,CRI,2010,1.98
Costa Rica,CRI,2011,1.93
Costa Rica,CRI,2012,1.98
Costa Rica,CRI,2013,1.66
Costa Rica,CRI,2014,2.09
Costa Rica,CRI,2015,2.11
Costa Rica,CRI,2016,2.34
Costa Rica,CRI,2017,2.15
Costa Rica,CRI,2018,2.94
Costa Rica,CRI,2019,4.17
Cote d'Ivoire,CIV,2000,2.61
Cote d'Ivoire,CIV,2001,2.7
Cote d'Ivoire,CIV,2002,2.78
Cote d'Ivoire,CIV,2003,2.86
Cote d'Ivoire,CIV,2004,2.91
Cote d'Ivoire,CIV,2005,2.91
Cote d'Ivoire,CIV,2006,3.01
Cote d'Ivoire,CIV,2007,3.1
Cote d'Ivoire,CIV,2008,3.13
Cote d'Ivoire,CIV,2009,3.23
Cote d'Ivoire,CIV,2010,3.29
Cote d'Ivoire,CIV,2011,3.37
Cote d'Ivoire,CIV,2012,3.55
Cote d'Ivoire,CIV,2013,3.64
Cote d'Ivoire,CIV,2014,3.67
Cote d'Ivoire,CIV,2015,3.69
Cote d'Ivoire,CIV,2016,3.72
Cote d'Ivoire,CIV,2017,3.77
Cote d'Ivoire,CIV,2018,3.83
Cote d'Ivoire,CIV,2019,3.9
Croatia,HRV,2000,6.79
Croatia,HRV,2001,6.63
Croatia,HRV,2002,5.37
Croatia,HRV,2003,6.56
Croatia,HRV,2004,7.3
Croatia,HRV,2005,8
Croatia,HRV,2006,8.32
Croatia,HRV,2007,10.29
Croatia,HRV,2008,10.37
Croatia,HRV,2009,10.52
Croatia,HRV,2010,10.33
Croatia,HRV,2011,10.1
Croatia,HRV,2012,10.9
Croatia,HRV,2013,10.41
Croatia,HRV,2014,9.94
Croatia,HRV,2015,10
Croatia,HRV,2016,8.74
Croatia,HRV,2017,8.17
Croatia,HRV,2018,8.92
Croatia,HRV,2019,8.92
Cuba,CUB,2000,3.83
Cuba,CUB,2001,3.34
Cuba,CUB,2002,3.66
Cuba,CUB,2003,3.36
Cuba,CUB,2004,3.31
Cuba,CUB,2005,3.96
Cuba,CUB,2006,2.89
Cuba,CUB,2007,3.79
Cuba,CUB,2008,4.54
Cuba,CUB,2009,5.22
Cuba,CUB,2010,4.48
Cuba,CUB,2011,4.16
Cuba,CUB,2012,4.93
Cuba,CUB,2013,5.86
Cuba,CUB,2014,5.55
Cuba,CUB,2015,6.66
Cuba,CUB,2016,7.12
Cuba,CUB,2017,7.69
Cuba,CUB,2018,7.54
Cuba,CUB,2019,7.77
Cyprus,CYP,2000,1.81
Cyprus,CYP,2001,1.7
Cyprus,CYP,2002,1.75
Cyprus,CYP,2003,1.57
Cyprus,CYP,2004,1.71
Cyprus,CYP,2005,1.98
Cyprus,CYP,2006,2
Cyprus,CYP,2007,3.27
Cyprus,CYP,2008,2.4
Cyprus,CYP,2009,2.84
Cyprus,CYP,2010,2.48
Cyprus,CYP,2011,2.11
Cyprus,CYP,2012,1.84
Cyprus,CYP,2013,1.89
Cyprus,CYP,2014,2.29
Cyprus,CYP,2015,1.83
Cyprus,CYP,2016,1.93
Cyprus,CYP,2017,1.73
Cyprus,CYP,2018,2.13
Cyprus,CYP,2019,1.85
Czechia,CZE,2000,3.17
Czechia,CZE,2001,3.21
Czechia,CZE,2002,3.37
Czechia,CZE,2003,3.93
Czechia,CZE,2004,4.15
Czechia,CZE,2005,5.22
Czechia,CZE,2006,4.35
Czechia,CZE,2007,4.29
Czechia,CZE,2008,4.61
Czechia,CZE,2009,4.35
Czechia,CZE,2010,4.16
Czechia,CZE,2011,4.34
Czechia,CZE,2012,4.85
Czechia,CZE,2013,4.6
Czechia,CZE,2014,4.61
Czechia,CZE,2015,4.9
Czechia,CZE,2016,5.53
Czechia,CZE,2017,5.27
Czechia,CZE,2018,5.67
Czechia,CZE,2019,5.86
Democratic Republic of Congo,COD,2000,2.03
Democratic Republic of Congo,COD,2001,1.92
Democratic Republic of Congo,COD,2002,1.83
Democratic Republic of Congo,COD,2003,1.8
Democratic Republic of Congo,COD,2004,1.73
Democratic Republic of Congo,COD,2005,1.67
Democratic Republic of Congo,COD,2006,1.6
Democratic Republic of Congo,COD,2007,1.52
Democratic Republic of Congo,COD,2008,1.5
Democratic Republic of Congo,COD,2009,1.5
Democratic Republic of Congo,COD,2010,1.45
Democratic Republic of Congo,COD,2011,1.42
Democratic Republic of Congo,COD,2012,1.4
Democratic Republic of Congo,COD,2013,1.4
Democratic Republic of Congo,COD,2014,1.4
Democratic Republic of Congo,COD,2015,1.41
Democratic Republic of Congo,COD,2016,1.42
Democratic Republic of Congo,COD,2017,1.43
Democratic Republic of Congo,COD,2018,1.47
Democratic Republic of Congo,COD,2019,1.47
Denmark,DNK,2000,14.02
Denmark,DNK,2001,15.18
Denmark,DNK,2002,18.44
Denmark,DNK,2003,16.96
Denmark,DNK,2004,19.83
Denmark,DNK,2005,19.69
Denmark,DNK,2006,21.36
Denmark,DNK,2007,22.83
Denmark,DNK,2008,23.04
Denmark,DNK,2009,21.28
Denmark,DNK,2010,20.28
Denmark,DNK,2011,19.03
Denmark,DNK,2012,19.01
Denmark,DNK,2013,19.03
Denmark,DNK,2014,17.56
Denmark,DNK,2015,19.06
Denmark,DNK,2016,17.99
Denmark,DNK,2017,15.31
Denmark,DNK,2018,14.4
Denmark,DNK,2019,15.51
Djibouti,DJI,2000,1.72
Djibouti,DJI,2001,1.7
Djibouti,DJI,2002,1.79
Djibouti,DJI,2003,1.83
Djibouti,DJI,2004,1.87
Djibouti,DJI,2005,1.86
Djibouti,DJI,2006,1.73
Djibouti,DJI,2007,1.86
Djibouti,DJI,2008,1.88
Djibouti,DJI,2009,1.9
Djibouti,DJI,2010,1.92
Djibouti,DJI,2011,2.01
Djibouti,DJI,2012,2.1
Djibouti,DJI,2013,2.2
Djibouti,DJI,2014,2.34
Djibouti,DJI,2015,2.36
Djibouti,DJI,2016,2.5
Djibouti,DJI,2017,2.64
Djibouti,DJI,2018,2.7
Djibouti,DJI,2019,2.75
Dominican Republic,DOM,2000,1.54
Dominican Republic,DOM,2001,1.45
Dominican Republic,DOM,2002,1.41
Dominican Republic,DOM,2003,1.36
Dominican Republic,DOM,2004,1.31
Dominican Republic,DOM,2005,1.39
Dominican Republic,DOM,2006,1.5
Dominican Republic,DOM,2007,1.57
Dominican Republic,DOM,2008,1.55
Dominican Republic,DOM,2009,1.61
Dominican Republic,DOM,2010,1.56
Dominican Republic,DOM,2011,1.61
Dominican Republic,DOM,2012,1.81
Dominican Republic,DOM,2013,2.09
Dominican Republic,DOM,2014,2.29
Dominican Republic,DOM,2015,2.47
Dominican Republic,DOM,2016,2.62
Dominican Republic,DOM,2017,2.58
Dominican Republic,DOM,2018,2.57
Dominican Republic,DOM,2019,2.58
East Timor,TLS,2000,0.8
East Timor,TLS,2001,0.75
East Timor,TLS,2002,0.69
East Timor,TLS,2003,0.71
East Timor,TLS,2004,0.69
East Timor,TLS,2005,0.63
East Timor,TLS,2006,0.56
East Timor,TLS,2007,0.51
East Timor,TLS,2008,0.5
East Timor,TLS,2009,0.65
East Timor,TLS,2010,0.61
East Timor,TLS,2011,0.6
East Timor,TLS,2012,0.58
East Timor,TLS,2013,0.58
East Timor,TLS,2014,0.59
East Timor,TLS,2015,0.59
East Timor,TLS,2016,0.6
East Timor,TLS,2017,0.61
East Timor,TLS,2018,0.61
East Timor,TLS,2019,0.63
Ecuador,ECU,2000,4
Ecuador,ECU,2001,4
Ecuador,ECU,2002,4.32
Ecuador,ECU,2003,4.31
Ecuador,ECU,2004,4.29
Ecuador,ECU,2005,4.48
Ecuador,ECU,2006,4.23
Ecuador,ECU,2007,4.06
Ecuador,ECU,2008,4.1
Ecuador,ECU,2009,3.96
Ecuador,ECU,2010,3.74
Ecuador,ECU,2011,3.66
Ecuador,ECU,2012,3.53
Ecuador,ECU,2013,3.24
Ecuador,ECU,2014,2.89
Ecuador,ECU,2015,2.83
Ecuador,ECU,2016,2.91
Ecuador,ECU,2017,2.94
Ecuador,ECU,2018,2.84
Ecuador,ECU,2019,2.84
Egypt,EGY,2000,0.21
Egypt,EGY,2001,0.22
Egypt,EGY,2002,0.22
Egypt,EGY,2003,0.23
Egypt,EGY,2004,0.23
Egypt,EGY,2005,0.23
Egypt,EGY,2006,0.23
Egypt,EGY,2007,0.23
Egypt,EGY,2008,0.23
Egypt,EGY,2009,0.23
Egypt,EGY,2010,0.24
Egypt,EGY,2011,0.25
Egypt,EGY,2012,0.25
Egypt,EGY,2013,0.25
Egypt,EGY,2014,0.25
Egypt,EGY,2015,0.25
Egypt,EGY,2016,0.26
Egypt,EGY,2017,0.25
Egypt,EGY,2018,0.25
Egypt,EGY,2019,0.26
El Salvador,SLV,2000,14.59
El Salvador,SLV,2001,11.91
El Salvador,SLV,2002,11.38
El Salvador,SLV,2003,11.36
El Salvador,SLV,2004,14.18
El Salvador,SLV,2005,15.18
El Salvador,SLV,2006,17.25
El Salvador,SLV,2007,16.54
El Salvador,SLV,2008,15.05
El Salvador,SLV,2009,15.4
El Salvador,SLV,2010,10.13
El Salvador,SLV,2011,10.4
El Salvador,SLV,2012,10.3
El Salvador,SLV,2013,10.59
El Salvador,SLV,2014,12.38
El Salvador,SLV,2015,13.58
El Salvador,SLV,2016,10.71
El Salvador,SLV,2017,11.36
El Salvador,SLV,2018,11.2
El Salvador,SLV,2019,11.28
Equatorial Guinea,GNQ,2000,4.31
Equatorial Guinea,GNQ,2001,4.07
Equatorial Guinea,GNQ,2002,3.8
Equatorial Guinea,GNQ,2003,3.81
Equatorial Guinea,GNQ,2004,3.81
Equatorial Guinea,GNQ,2005,3.33
Equatorial Guinea,GNQ,2006,3.92
Equatorial Guinea,GNQ,2007,3.96
Equatorial Guinea,GNQ,2008,3.86
Equatorial Guinea,GNQ,2009,4.11
Equatorial Guinea,GNQ,2010,4.15
Equatorial Guinea,GNQ,2011,4.3
Equatorial Guinea,GNQ,2012,4.25
Equatorial Guinea,GNQ,2013,4.17
Equatorial Guinea,GNQ,2014,4.32
Equatorial Guinea,GNQ,2015,4.55
Equatorial Guinea,GNQ,2016,4.55
Equatorial Guinea,GNQ,2017,4.46
Equatorial Guinea,GNQ,2018,4.59
Equatorial Guinea,GNQ,2019,4.59
Eritrea,ERI,2000,2.52
Eritrea,ERI,2001,2.41
Eritrea,ERI,2002,2.38
Eritrea,ERI,2003,2.32
Eritrea,ERI,2004,2.33
Eritrea,ERI,2005,2.33
Eritrea,ERI,2006,2.37
Eritrea,ERI,2007,2.34
Eritrea,ERI,2008,2.38
Eritrea,ERI,2009,2.34
Eritrea,ERI,2010,2.24
Eritrea,ERI,2011,2.22
Eritrea,ERI,2012,2.21
Eritrea,ERI,2013,2.21
Eritrea,ERI,2014,2.23
Eritrea,ERI,2015,2.26
Eritrea,ERI,2016,2.28
Eritrea,ERI,2017,2.3
Eritrea,ERI,2018,2.33
Eritrea,ERI,2019,2.34
Estonia,EST,2000,25.69
Estonia,EST,2001,34.32
Estonia,EST,2002,24.29
Estonia,EST,2003,30.09
Estonia,EST,2004,31.59
Estonia,EST,2005,33.01
Estonia,EST,2006,28.47
Estonia,EST,2007,35.68
Estonia,EST,2008,28.89
Estonia,EST,2009,25.52
Estonia,EST,2010,22.25
Estonia,EST,2011,25.86
Estonia,EST,2012,29.9
Estonia,EST,2013,21.53
Estonia,EST,2014,22.66
Estonia,EST,2015,21.61
Estonia,EST,2016,20.96
Estonia,EST,2017,20.76
Estonia,EST,2018,19.42
Estonia,EST,2019,17.46
Eswatini,SWZ,2000,2.95
Eswatini,SWZ,2001,3.01
Eswatini,SWZ,2002,3.3
Eswatini,SWZ,2003,3.39
Eswatini,SWZ,2004,3.45
Eswatini,SWZ,2005,3.53
Eswatini,SWZ,2006,3.75
Eswatini,SWZ,2007,3.94
Eswatini,SWZ,2008,4.01
Eswatini,SWZ,2009,4.04
Eswatini,SWZ,2010,3.82
Eswatini,SWZ,2011,3.73
Eswatini,SWZ,2012,3.79
Eswatini,SWZ,2013,3.75
Eswatini,SWZ,2014,3.63
Eswatini,SWZ,2015,3.54
Eswatini,SWZ,2016,3.66
Eswatini,SWZ,2017,3.61
Eswatini,SWZ,2018,3.62
Eswatini,SWZ,2019,3.73
Ethiopia,ETH,2000,1.4
Ethiopia,ETH,2001,1.36
Ethiopia,ETH,2002,1.35
Ethiopia,ETH,2003,1.33
Ethiopia,ETH,2004,1.31
Ethiopia,ETH,2005,1.28
Ethiopia,ETH,2006,1.26
Ethiopia,ETH,2007,1.25
Ethiopia,ETH,2008,1.28
Ethiopia,ETH,2009,1.24
Ethiopia,ETH,2010,1.16
Ethiopia,ETH,2011,1.12
Ethiopia,ETH,2012,1.07
Ethiopia,ETH,2013,1.05
Ethiopia,ETH,2014,1.05
Ethiopia,ETH,2015,1.08
Ethiopia,ETH,2016,1.09
Ethiopia,ETH,2017,1.11
Ethiopia,ETH,2018,1.12
Ethiopia,ETH,2019,1.13
Europe,,2000,15.741907
Europe,,2001,16.102835
Europe,,2002,16.328669
Europe,,2003,16.62991
Europe,,2004,16.436981
Europe,,2005,16.343973
Europe,,2006,15.314177
Europe,,2007,14.622102
Europe,,2008,14.121073
Europe,,2009,13.222358
Europe,,2010,12.642055
Europe,,2011,12.127703
Europe,,2012,11.829341
Europe,,2013,11.660016
Europe,,2014,11.657634
Europe,,2015,11.550312
Europe,,2016,11.631707
Europe,,2017,11.529543
Europe,,2018,11.732185
Europe,,2019,11.781589
Fiji,FJI,2000,0.66
Fiji,FJI,2001,0.68
Fiji,FJI,2002,0.69
Fiji,FJI,2003,0.75
Fiji,FJI,2004,0.69
Fiji,FJI,2005,0.66
Fiji,FJI,2006,0.65
Fiji,FJI,2007,0.62
Fiji,FJI,2008,0.61
Fiji,FJI,2009,0.58
Fiji,FJI,2010,0.56
Fiji,FJI,2011,0.54
Fiji,FJI,2012,0.57
Fiji,FJI,2013,0.58
Fiji,FJI,2014,0.59
Fiji,FJI,2015,0.6
Fiji,FJI,2016,0.61
Fiji,FJI,2017,0.62
Fiji,FJI,2018,0.63
Fiji,FJI,2019,0.63
Finland,FIN,2000,18.15
Finland,FIN,2001,17.8
Finland,FIN,2002,16.24
Finland,FIN,2003,17.75
Finland,FIN,2004,19.64
Finland,FIN,2005,20.24
Finland,FIN,2006,21.09
Finland,FIN,2007,21.08
Finland,FIN,2008,20.72
Finland,FIN,2009,19.85
Finland,FIN,2010,18.79
Finland,FIN,2011,17.87
Finland,FIN,2012,18.58
Finland,FIN,2013,17.59
Finland,FIN,2014,17.54
Finland,FIN,2015,16.32
Finland,FIN,2016,16.86
Finland,FIN,2017,15.42
Finland,FIN,2018,17.31
Finland,FIN,2019,16.18
France,FRA,2000,8.26
France,FRA,2001,8.5
France,FRA,2002,8.6
France,FRA,2003,8.94
France,FRA,2004,8.11
France,FRA,2005,8.6
France,FRA,2006,8.55
France,FRA,2007,8.77
France,FRA,2008,9.26
France,FRA,2009,9.19
France,FRA,2010,9.6
France,FRA,2011,9.94
France,FRA,2012,10.23
France,FRA,2013,9.94
France,FRA,2014,9.19
France,FRA,2015,9.35
France,FRA,2016,9.18
France,FRA,2017,9.29
France,FRA,2018,9.31
France,FRA,2019,9.33
Gabon,GAB,2000,2.88
Gabon,GAB,2001,2.63
Gabon,GAB,2002,2.34
Gabon,GAB,2003,2.26
Gabon,GAB,2004,2.1
Gabon,GAB,2005,2.15
Gabon,GAB,2006,2.29
Gabon,GAB,2007,2.4
Gabon,GAB,2008,2.64
Gabon,GAB,2009,2.36
Gabon,GAB,2010,2.4
Gabon,GAB,2011,2.48
Gabon,GAB,2012,2.45
Gabon,GAB,2013,2.41
Gabon,GAB,2014,2.62
Gabon,GAB,2015,2.56
Gabon,GAB,2016,2.4
Gabon,GAB,2017,2.49
Gabon,GAB,2018,2.48
Gabon,GAB,2019,2.45
Gambia,GMB,2000,1.45
Gambia,GMB,2001,1.48
Gambia,GMB,2002,1.5
Gambia,GMB,2003,1.51
Gambia,GMB,2004,1.54
Gambia,GMB,2005,1.51
Gambia,GMB,2006,1.49
Gambia,GMB,2007,1.49
Gambia,GMB,2008,1.53
Gambia,GMB,2009,1.54
Gambia,GMB,2010,1.49
Gambia,GMB,2011,1.57
Gambia,GMB,2012,1.59
Gambia,GMB,2013,1.6
Gambia,GMB,2014,1.63
Gambia,GMB,2015,1.63
Gambia,GMB,2016,1.63
Gambia,GMB,2017,1.66
Gambia,GMB,2018,1.67
Gambia,GMB,2019,1.7
Georgia,GEO,2000,2.15
Georgia,GEO,2001,2.02
Georgia,GEO,2002,2.47
Georgia,GEO,2003,2.05
Georgia,GEO,2004,2.38
Georgia,GEO,2005,2.11
Georgia,GEO,2006,2.18
Georgia,GEO,2007,2.17
Georgia,GEO,2008,2.38
Georgia,GEO,2009,2.82
Georgia,GEO,2010,2.72
Georgia,GEO,2011,2.84
Georgia,GEO,2012,3.05
Georgia,GEO,2013,3.04
Georgia,GEO,2014,3.2
Georgia,GEO,2015,3.25
Georgia,GEO,2016,3.4
Georgia,GEO,2017,3.36
Georgia,GEO,2018,3.41
Georgia,GEO,2019,3.47
Germany,DEU,2000,8.74
Germany,DEU,2001,8.34
Germany,DEU,2002,8.37
Germany,DEU,2003,8.6
Germany,DEU,2004,8.27
Germany,DEU,2005,8.52
Germany,DEU,2006,8.05
Germany,DEU,2007,8.22
Germany,DEU,2008,8.48
Germany,DEU,2009,8.49
Germany,DEU,2010,8.83
Germany,DEU,2011,8.75
Germany,DEU,2012,8.81
Germany,DEU,2013,9.74
Germany,DEU,2014,9.19
Germany,DEU,2015,10.05
Germany,DEU,2016,10.11
Germany,DEU,2017,9.78
Germany,DEU,2018,9.92
Germany,DEU,2019,10.41
Ghana,GHA,2000,1.11
Ghana,GHA,2001,1.2
Ghana,GHA,2002,1.3
Ghana,GHA,2003,1.44
Ghana,GHA,2004,1.6
Ghana,GHA,2005,1.77
Ghana,GHA,2006,1.95
Ghana,GHA,2007,2.19
Ghana,GHA,2008,2.23
Ghana,GHA,2009,2.31
Ghana,GHA,2010,2.31
Ghana,GHA,2011,2.37
Ghana,GHA,2012,2.43
Ghana,GHA,2013,2.52
Ghana,GHA,2014,2.6
Ghana,GHA,2015,2.65
Ghana,GHA,2016,2.71
Ghana,GHA,2017,2.79
Ghana,GHA,2018,2.82
Ghana,GHA,2019,2.88
Greece,GRC,2000,3.04
Greece,GRC,2001,3.18
Greece,GRC,2002,3.01
Greece,GRC,2003,3.11
Greece,GRC,2004,3.27
Greece,GRC,2005,3.6
Greece,GRC,2006,3.38
Greece,GRC,2007,3.82
Greece,GRC,2008,3.38
Greece,GRC,2009,3.49
Greece,GRC,2010,3.13
Greece,GRC,2011,2.88
Greece,GRC,2012,2.74
Greece,GRC,2013,2.29
Greece,GRC,2014,2.32
Greece,GRC,2015,2.77
Greece,GRC,2016,3.01
Greece,GRC,2017,2.86
Greece,GRC,2018,2.7
Greece,GRC,2019,2.65
Grenada,GRD,2000,3.08
Grenada,GRD,2001,2.87
Grenada,GRD,2002,2.8
Grenada,GRD,2003,3.95
Grenada,GRD,2004,4.16
Grenada,GRD,2005,4.48
Grenada,GRD,2006,4.55
Grenada,GRD,2007,3.79
Grenada,GRD,2008,4.59
Grenada,GRD,2009,3.72
Grenada,GRD,2010,3.81
Grenada,GRD,2011,2.3
Grenada,GRD,2012,2.52
Grenada,GRD,2013,2.67
Grenada,GRD,2014,2.51
Grenada,GRD,2015,2.98
Grenada,GRD,2016,6.07
Grenada,GRD,2017,6.74
Grenada,GRD,2018,7.8
Grenada,GRD,2019,6.83
Guatemala,GTM,2000,18.77
Guatemala,GTM,2001,18.21
Guatemala,GTM,2002,16.84
Guatemala,GTM,2003,16.97
Guatemala,GTM,2004,16.96
Guatemala,GTM,2005,17.73
Guatemala,GTM,2006,17.13
Guatemala,GTM,2007,14.24
Guatemala,GTM,2008,13.96
Guatemala,GTM,2009,14
Guatemala,GTM,2010,13.49
Guatemala,GTM,2011,13.1
Guatemala,GTM,2012,12.49
Guatemala,GTM,2013,12.03
Guatemala,GTM,2014,11.46
Guatemala,GTM,2015,11.44
Guatemala,GTM,2016,11.07
Guatemala,GTM,2017,10.92
Guatemala,GTM,2018,11.69
Guatemala,GTM,2019,11.76
Guinea,GIN,2000,1.32
Guinea,GIN,2001,1.42
Guinea,GIN,2002,1.53
Guinea,GIN,2003,1.59
Guinea,GIN,2004,1.62
Guinea,GIN,2005,1.59
Guinea,GIN,2006,1.69
Guinea,GIN,2007,1.74
Guinea,GIN,2008,1.78
Guinea,GIN,2009,1.8
Guinea,GIN,2010,1.82
Guinea,GIN,2011,1.87
Guinea,GIN,2012,1.89
Guinea,GIN,2013,1.94
Guinea,GIN,2014,2.08
Guinea,GIN,2015,2.04
Guinea,GIN,2016,1.95
Guinea,GIN,2017,1.94
Guinea,GIN,2018,1.96
Guinea,GIN,2019,1.97
Guinea-Bissau,GNB,2000,1.58
Guinea-Bissau,GNB,2001,1.57
Guinea-Bissau,GNB,2002,1.54
Guinea-Bissau,GNB,2003,1.51
Guinea-Bissau,GNB,2004,1.49
Guinea-Bissau,GNB,2005,1.42
Guinea-Bissau,GNB,2006,1.43
Guinea-Bissau,GNB,2007,1.43
Guinea-Bissau,GNB,2008,1.45
Guinea-Bissau,GNB,2009,1.45
Guinea-Bissau,GNB,2010,1.42
Guinea-Bissau,GNB,2011,1.41
Guinea-Bissau,GNB,2012,1.39
Guinea-Bissau,GNB,2013,1.42
Guinea-Bissau,GNB,2014,1.39
Guinea-Bissau,GNB,2015,1.3
Guinea-Bissau,GNB,2016,1.35
Guinea-Bissau,GNB,2017,1.37
Guinea-Bissau,GNB,2018,1.37
Guinea-Bissau,GNB,2019,1.34
Guyana,GUY,2000,2.71
Guyana,GUY,2001,2.03
Guyana,GUY,2002,1.9
Guyana,GUY,2003,1.78
Guyana,GUY,2004,2.32
Guyana,GUY,2005,2.59
Guyana,GUY,2006,2.89
Guyana,GUY,2007,2.75
Guyana,GUY,2008,2.59
Guyana,GUY,2009,2.42
Guyana,GUY,2010,2.21
Guyana,GUY,2011,2.08
Guyana,GUY,2012,1.9
Guyana,GUY,2013,1.78
Guyana,GUY,2014,1.87
Guyana,GUY,2015,2.14
Guyana,GUY,2016,2.27
Guyana,GUY,2017,2.37
Guyana,GUY,2018,2.45
Guyana,GUY,2019,2.52
Haiti,HTI,2000,3.79
Haiti,HTI,2001,3.75
Haiti,HTI,2002,3.73
Haiti,HTI,2003,3.76
Haiti,HTI,2004,3.76
Haiti,HTI,2005,3.84
Haiti,HTI,2006,3.93
Haiti,HTI,2007,4.13
Haiti,HTI,2008,4.21
Haiti,HTI,2009,4.35
Haiti,HTI,2010,4.45
Haiti,HTI,2011,4.48
Haiti,HTI,2012,4.53
Haiti,HTI,2013,4.61
Haiti,HTI,2014,4.73
Haiti,HTI,2015,4.82
Haiti,HTI,2016,4.86
Haiti,HTI,2017,4.86
Haiti,HTI,2018,4.98
Haiti,HTI,2019,5.02
Honduras,HND,2000,3.16
Honduras,HND,2001,3.17
Honduras,HND,2002,3.26
Honduras,HND,2003,3.32
Honduras,HND,2004,3.28
Honduras,HND,2005,3.37
Honduras,HND,2006,3.45
Honduras,HND,2007,3.45
Honduras,HND,2008,3.47
Honduras,HND,2009,3.45
Honduras,HND,2010,3.46
Honduras,HND,2011,3.51
Honduras,HND,2012,4.23
Honduras,HND,2013,4.37
Honduras,HND,2014,4.62
Honduras,HND,2015,5.11
Honduras,HND,2016,4.24
Honduras,HND,2017,4.47
Honduras,HND,2018,4.38
Honduras,HND,2019,4.48
Hungary,HUN,2000,6.83
Hungary,HUN,2001,5.05
Hungary,HUN,2002,5.06
Hungary,HUN,2003,5.81
Hungary,HUN,2004,6.04
Hungary,HUN,2005,7.73
Hungary,HUN,2006,7.29
Hungary,HUN,2007,6.86
Hungary,HUN,2008,6.69
Hungary,HUN,2009,6.18
Hungary,HUN,2010,6.52
Hungary,HUN,2011,6.25
Hungary,HUN,2012,6.03
Hungary,HUN,2013,6.15
Hungary,HUN,2014,6.43
Hungary,HUN,2015,6.13
Hungary,HUN,2016,6.52
Hungary,HUN,2017,6.64
Hungary,HUN,2018,7.76
Hungary,HUN,2019,7.82
Iceland,ISL,2000,4.57
Iceland,ISL,2001,4.4
Iceland,ISL,2002,3.79
Iceland,ISL,2003,4.13
Iceland,ISL,2004,4.48
Iceland,ISL,2005,4.79
Iceland,ISL,2006,4.53
Iceland,ISL,2007,4.91
Iceland,ISL,2008,4.64
Iceland,ISL,2009,4.95
Iceland,ISL,2010,5.2
Iceland,ISL,2011,5.56
Iceland,ISL,2012,5.97
Iceland,ISL,2013,6.09
Iceland,ISL,2014,7.06
Iceland,ISL,2015,7.49
Iceland,ISL,2016,8.98
Iceland,ISL,2017,9.39
Iceland,ISL,2018,9.5
Iceland,ISL,2019,10.05
India,IND,2000,2.12
India,IND,2001,2.12
India,IND,2002,2.15
India,IND,2003,2.13
India,IND,2004,2.12
India,IND,2005,2.19
India,IND,2006,2.21
India,IND,2007,2.27
India,IND,2008,2.33
India,IND,2009,2.3
India,IND,2010,2.3
India,IND,2011,2.31
India,IND,2012,2.25
India,IND,2013,2.29
India,IND,2014,2.27
India,IND,2015,2.33
India,IND,2016,2.4
India,IND,2017,2.44
India,IND,2018,2.5
India,IND,2019,2.54
Indonesia,IDN,2000,0.48
Indonesia,IDN,2001,0.5
Indonesia,IDN,2002,0.51
Indonesia,IDN,2003,0.51
Indonesia,IDN,2004,0.52
Indonesia,IDN,2005,0.51
Indonesia,IDN,2006,0.52
Indonesia,IDN,2007,0.53
Indonesia,IDN,2008,0.53
Indonesia,IDN,2009,0.53
Indonesia,IDN,2010,0.52
Indonesia,IDN,2011,0.51
Indonesia,IDN,2012,0.51
Indonesia,IDN,2013,0.52
Indonesia,IDN,2014,0.53
Indonesia,IDN,2015,0.54
Indonesia,IDN,2016,0.55
Indonesia,IDN,2017,0.56
Indonesia,IDN,2018,0.57
Indonesia,IDN,2019,0.57
Iran,IRN,2000,4.42
Iran,IRN,2001,4.52
Iran,IRN,2002,4.71
Iran,IRN,2003,4.88
Iran,IRN,2004,5.99
Iran,IRN,2005,6.69
Iran,IRN,2006,7.29
Iran,IRN,2007,8.14
Iran,IRN,2008,8.05
Iran,IRN,2009,6.76
Iran,IRN,2010,5.24
Iran,IRN,2011,4.03
Iran,IRN,2012,3.52
Iran,IRN,2013,3.36
Iran,IRN,2014,3.26
Iran,IRN,2015,2.88
Iran,IRN,2016,3.08
Iran,IRN,2017,3.16
Iran,IRN,2018,3.08
Iran,IRN,2019,3.01
Iraq,IRQ,2000,1.06
Iraq,IRQ,2001,1.04
Iraq,IRQ,2002,1.04
Iraq,IRQ,2003,1.03
Iraq,IRQ,2004,1.03
Iraq,IRQ,2005,1
Iraq,IRQ,2006,1.05
Iraq,IRQ,2007,1.06
Iraq,IRQ,2008,1.1
Iraq,IRQ,2009,1.14
Iraq,IRQ,2010,1.18
Iraq,IRQ,2011,1.22
Iraq,IRQ,2012,1.23
Iraq,IRQ,2013,1.29
Iraq,IRQ,2014,1.29
Iraq,IRQ,2015,1.22
Iraq,IRQ,2016,1.21
Iraq,IRQ,2017,1.21
Iraq,IRQ,2018,1.22
Iraq,IRQ,2019,1.22
Ireland,IRL,2000,5.29
Ireland,IRL,2001,5.42
Ireland,IRL,2002,5.28
Ireland,IRL,2003,4.97
Ireland,IRL,2004,5.39
Ireland,IRL,2005,5.61
Ireland,IRL,2006,5.77
Ireland,IRL,2007,6.57
Ireland,IRL,2008,6.42
Ireland,IRL,2009,7.09
Ireland,IRL,2010,5.99
Ireland,IRL,2011,6.19
Ireland,IRL,2012,6.1
Ireland,IRL,2013,5.54
Ireland,IRL,2014,5.6
Ireland,IRL,2015,5.81
Ireland,IRL,2016,5.84
Ireland,IRL,2017,5.18
Ireland,IRL,2018,5.1
Ireland,IRL,2019,5.03
Israel,ISR,2000,3.42
Israel,ISR,2001,3.17
Israel,ISR,2002,3.16
Israel,ISR,2003,3.13
Israel,ISR,2004,3.39
Israel,ISR,2005,2.74
Israel,ISR,2006,2.37
Israel,ISR,2007,2.5
Israel,ISR,2008,2.29
Israel,ISR,2009,2.19
Israel,ISR,2010,1.92
Israel,ISR,2011,2.05
Israel,ISR,2012,2.15
Israel,ISR,2013,2.05
Israel,ISR,2014,2.27
Israel,ISR,2015,2.4
Israel,ISR,2016,2.43
Israel,ISR,2017,2.49
Israel,ISR,2018,2.4
Israel,ISR,2019,2.42
Italy,ITA,2000,2.56
Italy,ITA,2001,2.56
Italy,ITA,2002,2.29
Italy,ITA,2003,2.79
Italy,ITA,2004,2.63
Italy,ITA,2005,2.67
Italy,ITA,2006,2.56
Italy,ITA,2007,2.68
Italy,ITA,2008,2.64
Italy,ITA,2009,2.64
Italy,ITA,2010,2.6
Italy,ITA,2011,2.57
Italy,ITA,2012,2.7
Italy,ITA,2013,2.6
Italy,ITA,2014,2.47
Italy,ITA,2015,2.8
Italy,ITA,2016,2.63
Italy,ITA,2017,2.59
Italy,ITA,2018,2.65
Italy,ITA,2019,2.69
Jamaica,JAM,2000,0.79
Jamaica,JAM,2001,0.72
Jamaica,JAM,2002,0.77
Jamaica,JAM,2003,0.68
Jamaica,JAM,2004,0.63
Jamaica,JAM,2005,0.55
Jamaica,JAM,2006,0.61
Jamaica,JAM,2007,0.58
Jamaica,JAM,2008,0.6
Jamaica,JAM,2009,0.59
Jamaica,JAM,2010,0.56
Jamaica,JAM,2011,0.55
Jamaica,JAM,2012,0.58
Jamaica,JAM,2013,0.57
Jamaica,JAM,2014,0.59
Jamaica,JAM,2015,0.62
Jamaica,JAM,2016,0.64
Jamaica,JAM,2017,0.67
Jamaica,JAM,2018,0.68
Jamaica,JAM,2019,0.7
Japan,JPN,2000,0.95
Japan,JPN,2001,0.97
Japan,JPN,2002,1
Japan,JPN,2003,1.02
Japan,JPN,2004,1.03
Japan,JPN,2005,1.08
Japan,JPN,2006,1.17
Japan,JPN,2007,1.14
Japan,JPN,2008,1.24
Japan,JPN,2009,1.23
Japan,JPN,2010,1.26
Japan,JPN,2011,1.44
Japan,JPN,2012,1.43
Japan,JPN,2013,1.46
Japan,JPN,2014,1.51
Japan,JPN,2015,1.5
Japan,JPN,2016,1.61
Japan,JPN,2017,1.79
Japan,JPN,2018,1.9
Japan,JPN,2019,2.04
Jordan,JOR,2000,0.96
Jordan,JOR,2001,0.94
Jordan,JOR,2002,0.93
Jordan,JOR,2003,0.93
Jordan,JOR,2004,0.94
Jordan,JOR,2005,0.93
Jordan,JOR,2006,0.94
Jordan,JOR,2007,0.92
Jordan,JOR,2008,0.92
Jordan,JOR,2009,0.94
Jordan,JOR,2010,0.94
Jordan,JOR,2011,0.93
Jordan,JOR,2012,0.99
Jordan,JOR,2013,1.01
Jordan,JOR,2014,1.06
Jordan,JOR,2015,1.09
Jordan,JOR,2016,1.12
Jordan,JOR,2017,1.17
Jordan,JOR,2018,1.21
Jordan,JOR,2019,1.24
Kazakhstan,KAZ,2000,21.06
Kazakhstan,KAZ,2001,21.72
Kazakhstan,KAZ,2002,21.84
Kazakhstan,KAZ,2003,22.59
Kazakhstan,KAZ,2004,22.93
Kazakhstan,KAZ,2005,22.92
Kazakhstan,KAZ,2006,22.37
Kazakhstan,KAZ,2007,22.29
Kazakhstan,KAZ,2008,19.2
Kazakhstan,KAZ,2009,16.88
Kazakhstan,KAZ,2010,16.38
Kazakhstan,KAZ,2011,15.12
Kazakhstan,KAZ,2012,14.39
Kazakhstan,KAZ,2013,13.35
Kazakhstan,KAZ,2014,12.28
Kazakhstan,KAZ,2015,11.96
Kazakhstan,KAZ,2016,11.71
Kazakhstan,KAZ,2017,11.1
Kazakhstan,KAZ,2018,10.96
Kazakhstan,KAZ,2019,10.76
Kenya,KEN,2000,0.94
Kenya,KEN,2001,0.9
Kenya,KEN,2002,0.87
Kenya,KEN,2003,0.82
Kenya,KEN,2004,0.78
Kenya,KEN,2005,0.82
Kenya,KEN,2006,0.82
Kenya,KEN,2007,0.85
Kenya,KEN,2008,0.85
Kenya,KEN,2009,0.81
Kenya,KEN,2010,0.79
Kenya,KEN,2011,0.8
Kenya,KEN,2012,0.81
Kenya,KEN,2013,0.82
Kenya,KEN,2014,0.8
Kenya,KEN,2015,0.78
Kenya,KEN,2016,0.8
Kenya,KEN,2017,0.83
Kenya,KEN,2018,0.88
Kenya,KEN,2019,0.89
Kiribati,KIR,2000,0.83
Kiribati,KIR,2001,0.82
Kiribati,KIR,2002,0.81
Kiribati,KIR,2003,0.79
Kiribati,KIR,2004,0.78
Kiribati,KIR,2005,0.8
Kiribati,KIR,2006,0.79
Kiribati,KIR,2007,0.84
Kiribati,KIR,2008,0.84
Kiribati,KIR,2009,0.84
Kiribati,KIR,2010,0.85
Kiribati,KIR,2011,0.86
Kiribati,KIR,2012,0.86
Kiribati,KIR,2013,0.87
Kiribati,KIR,2014,0.88
Kiribati,KIR,2015,0.88
Kiribati,KIR,2016,0.89
Kiribati,KIR,2017,0.88
Kiribati,KIR,2018,0.88
Kiribati,KIR,2019,0.89
Kuwait,KWT,2000,0.7
Kuwait,KWT,2001,0.62
Kuwait,KWT,2002,0.59
Kuwait,KWT,2003,0.54
Kuwait,KWT,2004,0.59
Kuwait,KWT,2005,0.54
Kuwait,KWT,2006,0.58
Kuwait,KWT,2007,0.58
Kuwait,KWT,2008,0.63
Kuwait,KWT,2009,0.64
Kuwait,KWT,2010,0.71
Kuwait,KWT,2011,0.74
Kuwait,KWT,2012,0.78
Kuwait,KWT,2013,0.89
Kuwait,KWT,2014,0.95
Kuwait,KWT,2015,1
Kuwait,KWT,2016,1.04
Kuwait,KWT,2017,1.09
Kuwait,KWT,2018,1.14
Kuwait,KWT,2019,1.19
Kyrgyzstan,KGZ,2000,11.81
Kyrgyzstan,KGZ,2001,11.09
Kyrgyzstan,KGZ,2002,11.18
Kyrgyzstan,KGZ,2003,11.23
Kyrgyzstan,KGZ,2004,11.16
Kyrgyzstan,KGZ,2005,11.51
Kyrgyzstan,KGZ,2006,11.78
Kyrgyzstan,KGZ,2007,11.14
Kyrgyzstan,KGZ,2008,10.47
Kyrgyzstan,KGZ,2009,9.89
Kyrgyzstan,KGZ,2010,9.34
Kyrgyzstan,KGZ,2011,8.91
Kyrgyzstan,KGZ,2012,8.45
Kyrgyzstan,KGZ,2013,8
Kyrgyzstan,KGZ,2014,7.99
Kyrgyzstan,KGZ,2015,7.72
Kyrgyzstan,KGZ,2016,7.38
Kyrgyzstan,KGZ,2017,7.22
Kyrgyzstan,KGZ,2018,7.09
Kyrgyzstan,KGZ,2019,6.83
Laos,LAO,2000,1.55
Laos,LAO,2001,1.47
Laos,LAO,2002,1.39
Laos,LAO,2003,1.34
Laos,LAO,2004,1.3
Laos,LAO,2005,1.28
Laos,LAO,2006,1.26
Laos,LAO,2007,1.24
Laos,LAO,2008,1.23
Laos,LAO,2009,1.21
Laos,LAO,2010,1.19
Laos,LAO,2011,1.2
Laos,LAO,2012,1.19
Laos,LAO,2013,1.2
Laos,LAO,2014,1.21
Laos,LAO,2015,1.24
Laos,LAO,2016,1.26
Laos,LAO,2017,1.28
Laos,LAO,2018,1.3
Laos,LAO,2019,1.31
Latvia,LVA,2000,21.89
Latvia,LVA,2001,23.31
Latvia,LVA,2002,15.65
Latvia,LVA,2003,16.14
Latvia,LVA,2004,17.11
Latvia,LVA,2005,19.16
Latvia,LVA,2006,22.19
Latvia,LVA,2007,17.09
Latvia,LVA,2008,14.39
Latvia,LVA,2009,16.26
Latvia,LVA,2010,14.79
Latvia,LVA,2011,15.96
Latvia,LVA,2012,16.88
Latvia,LVA,2013,15.3
Latvia,LVA,2014,14.88
Latvia,LVA,2015,18.21
Latvia,LVA,2016,14.65
Latvia,LVA,2017,14.81
Latvia,LVA,2018,14.76
Latvia,LVA,2019,14.56
Lebanon,LBN,2000,2.34
Lebanon,LBN,2001,2.37
Lebanon,LBN,2002,2.41
Lebanon,LBN,2003,2.42
Lebanon,LBN,2004,2.47
Lebanon,LBN,2005,2.53
Lebanon,LBN,2006,2.59
Lebanon,LBN,2007,2.72
Lebanon,LBN,2008,2.84
Lebanon,LBN,2009,3
Lebanon,LBN,2010,3.12
Lebanon,LBN,2011,3.25
Lebanon,LBN,2012,3.35
Lebanon,LBN,2013,3.5
Lebanon,LBN,2014,3.68
Lebanon,LBN,2015,3.79
Lebanon,LBN,2016,3.92
Lebanon,LBN,2017,4.06
Lebanon,LBN,2018,4.21
Lebanon,LBN,2019,4.35
Lesotho,LSO,2000,2.62
Lesotho,LSO,2001,2.48
Lesotho,LSO,2002,2.59
Lesotho,LSO,2003,2.74
Lesotho,LSO,2004,2.74
Lesotho,LSO,2005,2.71
Lesotho,LSO,2006,3.02
Lesotho,LSO,2007,3.22
Lesotho,LSO,2008,3.68
Lesotho,LSO,2009,3.9
Lesotho,LSO,2010,3.98
Lesotho,LSO,2011,4.22
Lesotho,LSO,2012,4.61
Lesotho,LSO,2013,4.98
Lesotho,LSO,2014,5.24
Lesotho,LSO,2015,5.31
Lesotho,LSO,2016,5.17
Lesotho,LSO,2017,4.9
Lesotho,LSO,2018,4.88
Lesotho,LSO,2019,4.82
Liberia,LBR,2000,1.05
Liberia,LBR,2001,1.05
Liberia,LBR,2002,1.12
Liberia,LBR,2003,1.09
Liberia,LBR,2004,1.14
Liberia,LBR,2005,1.1
Liberia,LBR,2006,1.15
Liberia,LBR,2007,1.17
Liberia,LBR,2008,1.16
Liberia,LBR,2009,1.2
Liberia,LBR,2010,1.2
Liberia,LBR,2011,1.25
Liberia,LBR,2012,1.26
Liberia,LBR,2013,1.27
Liberia,LBR,2014,2.06
Liberia,LBR,2015,1.22
Liberia,LBR,2016,1.28
Liberia,LBR,2017,1.32
Liberia,LBR,2018,1.34
Liberia,LBR,2019,1.37
Libya,LBY,2000,4.76
Libya,LBY,2001,4.94
Libya,LBY,2002,4.99
Libya,LBY,2003,5.17
Libya,LBY,2004,5.11
Libya,LBY,2005,5.25
Libya,LBY,2006,5.33
Libya,LBY,2007,5.56
Libya,LBY,2008,5.72
Libya,LBY,2009,5.84
Libya,LBY,2010,5.99
Libya,LBY,2011,5.75
Libya,LBY,2012,6.16
Libya,LBY,2013,6.09
Libya,LBY,2014,5.88
Libya,LBY,2015,5.49
Libya,LBY,2016,5.26
Libya,LBY,2017,5.76
Libya,LBY,2018,5.81
Libya,LBY,2019,5.79
Lithuania,LTU,2000,14.86
Lithuania,LTU,2001,17.54
Lithuania,LTU,2002,16.56
Lithuania,LTU,2003,17.32
Lithuania,LTU,2004,17.5
Lithuania,LTU,2005,18.8
Lithuania,LTU,2006,20.61
Lithuania,LTU,2007,21.74
Lithuania,LTU,2008,20.92
Lithuania,LTU,2009,16.67
Lithuania,LTU,2010,15.58
Lithuania,LTU,2011,15.92
Lithuania,LTU,2012,14.9
Lithuania,LTU,2013,14.72
Lithuania,LTU,2014,14.43
Lithuania,LTU,2015,15.04
Lithuania,LTU,2016,12.9
Lithuania,LTU,2017,12.54
Lithuania,LTU,2018,11.19
Lithuania,LTU,2019,11.82
Luxembourg,LUX,2000,8.95
Luxembourg,LUX,2001,8.74
Luxembourg,LUX,2002,8.53
Luxembourg,LUX,2003,8.59
Luxembourg,LUX,2004,8.6
Luxembourg,LUX,2005,7.91
Luxembourg,LUX,2006,7.09
Luxembourg,LUX,2007,6.62
Luxembourg,LUX,2008,6.56
Luxembourg,LUX,2009,5.78
Luxembourg,LUX,2010,5.88
Luxembourg,LUX,2011,6.2
Luxembourg,LUX,2012,7.17
Luxembourg,LUX,2013,7.65
Luxembourg,LUX,2014,8.4
Luxembourg,LUX,2015,8.07
Luxembourg,LUX,2016,7.94
Luxembourg,LUX,2017,6.32
Luxembourg,LUX,2018,6.72
Luxembourg,LUX,2019,6.84
Madagascar,MDG,2000,0.81
Madagascar,MDG,2001,0.8
Madagascar,MDG,2002,0.81
Madagascar,MDG,2003,0.83
Madagascar,MDG,2004,0.84
Madagascar,MDG,2005,0.83
Madagascar,MDG,2006,0.84
Madagascar,MDG,2007,0.84
Madagascar,MDG,2008,0.84
Madagascar,MDG,2009,0.83
Madagascar,MDG,2010,0.82
Madagascar,MDG,2011,0.83
Madagascar,MDG,2012,0.81
Madagascar,MDG,2013,0.81
Madagascar,MDG,2014,0.82
Madagascar,MDG,2015,0.81
Madagascar,MDG,2016,0.81
Madagascar,MDG,2017,0.81
Madagascar,MDG,2018,0.81
Madagascar,MDG,2019,0.81
Malawi,MWI,2000,1.42
Malawi,MWI,2001,1.31
Malawi,MWI,2002,1.21
Malawi,MWI,2003,1.14
Malawi,MWI,2004,1.08
Malawi,MWI,2005,1.02
Malawi,MWI,2006,1.03
Malawi,MWI,2007,1.07
Malawi,MWI,2008,1.06
Malawi,MWI,2009,1.11
Malawi,MWI,2010,1.12
Malawi,MWI,2011,1.03
Malawi,MWI,2012,0.98
Malawi,MWI,2013,0.94
Malawi,MWI,2014,0.93
Malawi,MWI,2015,0.93
Malawi,MWI,2016,0.92
Malawi,MWI,2017,0.9
Malawi,MWI,2018,0.88
Malawi,MWI,2019,0.87
Malaysia,MYS,2000,1.63
Malaysia,MYS,2001,1.54
Malaysia,MYS,2002,1.47
Malaysia,MYS,2003,1.41
Malaysia,MYS,2004,1.36
Malaysia,MYS,2005,1.31
Malaysia,MYS,2006,1.28
Malaysia,MYS,2007,1.26
Malaysia,MYS,2008,1.27
Malaysia,MYS,2009,1.28
Malaysia,MYS,2010,1.25
Malaysia,MYS,2011,1.25
Malaysia,MYS,2012,1.25
Malaysia,MYS,2013,1.25
Malaysia,MYS,2014,1.29
Malaysia,MYS,2015,1.37
Malaysia,MYS,2016,1.44
Malaysia,MYS,2017,1.51
Malaysia,MYS,2018,1.54
Malaysia,MYS,2019,1.58
Maldives,MDV,2000,0.58
Maldives,MDV,2001,0.57
Maldives,MDV,2002,0.56
Maldives,MDV,2003,0.56
Maldives,MDV,2004,0.48
Maldives,MDV,2005,0.52
Maldives,MDV,2006,0.54
Maldives,MDV,2007,0.55
Maldives,MDV,2008,0.59
Maldives,MDV,2009,0.58
Maldives,MDV,2010,0.58
Maldives,MDV,2011,0.55
Maldives,MDV,2012,0.56
Maldives,MDV,2013,0.56
Maldives,MDV,2014,0.56
Maldives,MDV,2015,0.56
Maldives,MDV,2016,0.52
Maldives,MDV,2017,0.5
Maldives,MDV,2018,0.49
Maldives,MDV,2019,0.47
Mali,MLI,2000,1.08
Mali,MLI,2001,1.07
Mali,MLI,2002,1.08
Mali,MLI,2003,1.07
Mali,MLI,2004,1.07
Mali,MLI,2005,1.07
Mali,MLI,2006,1.08
Mali,MLI,2007,1.09
Mali,MLI,2008,1.13
Mali,MLI,2009,1.15
Mali,MLI,2010,1.1
Mali,MLI,2011,1.11
Mali,MLI,2012,1.14
Mali,MLI,2013,1.15
Mali,MLI,2014,1.15
Mali,MLI,2015,1.13
Mali,MLI,2016,1.13
Mali,MLI,2017,1.12
Mali,MLI,2018,1.12
Mali,MLI,2019,1.13
Malta,MLT,2000,1.96
Malta,MLT,2001,1.77
Malta,MLT,2002,1.99
Malta,MLT,2003,2.34
Malta,MLT,2004,2.45
Malta,MLT,2005,2.78
Malta,MLT,2006,2.96
Malta,MLT,2007,2.93
Malta,MLT,2008,2.37
Malta,MLT,2009,2.35
Malta,MLT,2010,2.82
Malta,MLT,2011,2.84
Malta,MLT,2012,2.73
Malta,MLT,2013,2.4
Malta,MLT,2014,2.21
Malta,MLT,2015,2.27
Malta,MLT,2016,2.59
Malta,MLT,2017,2.39
Malta,MLT,2018,2.37
Malta,MLT,2019,2.37
Mauritania,MRT,2000,0.81
Mauritania,MRT,2001,0.83
Mauritania,MRT,2002,0.86
Mauritania,MRT,2003,0.88
Mauritania,MRT,2004,0.93
Mauritania,MRT,2005,1.14
Mauritania,MRT,2006,1.22
Mauritania,MRT,2007,1.26
Mauritania,MRT,2008,1.31
Mauritania,MRT,2009,1.35
Mauritania,MRT,2010,1.34
Mauritania,MRT,2011,1.35
Mauritania,MRT,2012,1.47
Mauritania,MRT,2013,1.51
Mauritania,MRT,2014,1.58
Mauritania,MRT,2015,1.62
Mauritania,MRT,2016,1.7
Mauritania,MRT,2017,1.8
Mauritania,MRT,2018,1.87
Mauritania,MRT,2019,1.93
Mauritius,MUS,2000,2.88
Mauritius,MUS,2001,2.93
Mauritius,MUS,2002,4.2
Mauritius,MUS,2003,5.23
Mauritius,MUS,2004,5.04
Mauritius,MUS,2005,4.25
Mauritius,MUS,2006,7.06
Mauritius,MUS,2007,5.21
Mauritius,MUS,2008,7.34
Mauritius,MUS,2009,6.54
Mauritius,MUS,2010,5.83
Mauritius,MUS,2011,5.79
Mauritius,MUS,2012,3.35
Mauritius,MUS,2013,6.92
Mauritius,MUS,2014,4.43
Mauritius,MUS,2015,5.72
Mauritius,MUS,2016,5.79
Mauritius,MUS,2017,6.14
Mauritius,MUS,2018,5.62
Mauritius,MUS,2019,5.94
Mexico,MEX,2000,5.28
Mexico,MEX,2001,5.21
Mexico,MEX,2002,4.98
Mexico,MEX,2003,4.89
Mexico,MEX,2004,4.37
Mexico,MEX,2005,4.25
Mexico,MEX,2006,4.06
Mexico,MEX,2007,3.76
Mexico,MEX,2008,3.78
Mexico,MEX,2009,3.69
Mexico,MEX,2010,3.65
Mexico,MEX,2011,3.56
Mexico,MEX,2012,3.38
Mexico,MEX,2013,3.53
Mexico,MEX,2014,4.29
Mexico,MEX,2015,4.09
Mexico,MEX,2016,3.42
Mexico,MEX,2017,3.38
Mexico,MEX,2018,3.59
Mexico,MEX,2019,3.57
Micronesia (country),FSM,2000,1.87
Micronesia (country),FSM,2001,1.88
Micronesia (country),FSM,2002,1.88
Micronesia (country),FSM,2003,1.91
Micronesia (country),FSM,2004,1.99
Micronesia (country),FSM,2005,2.04
Micronesia (country),FSM,2006,2.07
Micronesia (country),FSM,2007,2.09
Micronesia (country),FSM,2008,2.13
Micronesia (country),FSM,2009,2.18
Micronesia (country),FSM,2010,2.23
Micronesia (country),FSM,2011,2.21
Micronesia (country),FSM,2012,2.24
Micronesia (country),FSM,2013,2.3
Micronesia (country),FSM,2014,2.32
Micronesia (country),FSM,2015,2.4
Micronesia (country),FSM,2016,2.4
Micronesia (country),FSM,2017,2.45
Micronesia (country),FSM,2018,2.5
Micronesia (country),FSM,2019,2.54
Moldova,MDA,2000,7.83
Moldova,MDA,2001,7.91
Moldova,MDA,2002,9.92
Moldova,MDA,2003,9.78
Moldova,MDA,2004,10.61
Moldova,MDA,2005,12.45
Moldova,MDA,2006,11.92
Moldova,MDA,2007,12.7
Moldova,MDA,2008,10.55
Moldova,MDA,2009,12.33
Moldova,MDA,2010,12.59
Moldova,MDA,2011,8.48
Moldova,MDA,2012,9.34
Moldova,MDA,2013,7.96
Moldova,MDA,2014,11.12
Moldova,MDA,2015,10.39
Moldova,MDA,2016,7.38
Moldova,MDA,2017,7.78
Moldova,MDA,2018,6.78
Moldova,MDA,2019,7.24
Mongolia,MNG,2000,4.88
Mongolia,MNG,2001,6.21
Mongolia,MNG,2002,7.85
Mongolia,MNG,2003,10.31
Mongolia,MNG,2004,12.64
Mongolia,MNG,2005,14.99
Mongolia,MNG,2006,16.98
Mongolia,MNG,2007,18.5
Mongolia,MNG,2008,19.77
Mongolia,MNG,2009,20.83
Mongolia,MNG,2010,21.72
Mongolia,MNG,2011,21.08
Mongolia,MNG,2012,20.39
Mongolia,MNG,2013,19.91
Mongolia,MNG,2014,19.29
Mongolia,MNG,2015,19.38
Mongolia,MNG,2016,19.51
Mongolia,MNG,2017,19.05
Mongolia,MNG,2018,19.06
Mongolia,MNG,2019,19.07
Montenegro,MNE,2000,3.72
Montenegro,MNE,2001,3.66
Montenegro,MNE,2002,3.63
Montenegro,MNE,2003,3.71
Montenegro,MNE,2004,3.76
Montenegro,MNE,2005,3.84
Montenegro,MNE,2006,3.81
Montenegro,MNE,2007,3.64
Montenegro,MNE,2008,3.6
Montenegro,MNE,2009,3.55
Montenegro,MNE,2010,3.46
Montenegro,MNE,2011,3.72
Montenegro,MNE,2012,3.74
Montenegro,MNE,2013,3.55
Montenegro,MNE,2014,3.62
Montenegro,MNE,2015,3.65
Montenegro,MNE,2016,3.69
Montenegro,MNE,2017,3.73
Montenegro,MNE,2018,3.73
Montenegro,MNE,2019,3.73
Morocco,MAR,2000,1.44
Morocco,MAR,2001,1.41
Morocco,MAR,2002,1.37
Morocco,MAR,2003,1.36
Morocco,MAR,2004,1.33
Morocco,MAR,2005,1.28
Morocco,MAR,2006,1.24
Morocco,MAR,2007,1.21
Morocco,MAR,2008,1.19
Morocco,MAR,2009,1.16
Morocco,MAR,2010,1.11
Morocco,MAR,2011,1.09
Morocco,MAR,2012,1.08
Morocco,MAR,2013,1.08
Morocco,MAR,2014,1.1
Morocco,MAR,2015,1.11
Morocco,MAR,2016,1.13
Morocco,MAR,2017,1.16
Morocco,MAR,2018,1.17
Morocco,MAR,2019,1.18
Mozambique,MOZ,2000,1.87
Mozambique,MOZ,2001,1.84
Mozambique,MOZ,2002,1.8
Mozambique,MOZ,2003,1.79
Mozambique,MOZ,2004,1.76
Mozambique,MOZ,2005,1.72
Mozambique,MOZ,2006,1.71
Mozambique,MOZ,2007,1.69
Mozambique,MOZ,2008,1.79
Mozambique,MOZ,2009,1.89
Mozambique,MOZ,2010,1.88
Mozambique,MOZ,2011,1.9
Mozambique,MOZ,2012,1.93
Mozambique,MOZ,2013,1.91
Mozambique,MOZ,2014,1.86
Mozambique,MOZ,2015,1.82
Mozambique,MOZ,2016,1.81
Mozambique,MOZ,2017,1.82
Mozambique,MOZ,2018,1.84
Mozambique,MOZ,2019,1.85
Myanmar,MMR,2000,1.35
Myanmar,MMR,2001,1.29
Myanmar,MMR,2002,1.28
Myanmar,MMR,2003,1.28
Myanmar,MMR,2004,1.29
Myanmar,MMR,2005,1.29
Myanmar,MMR,2006,1.32
Myanmar,MMR,2007,1.31
Myanmar,MMR,2008,1.27
Myanmar,MMR,2009,1.26
Myanmar,MMR,2010,1.23
Myanmar,MMR,2011,1.25
Myanmar,MMR,2012,1.25
Myanmar,MMR,2013,1.24
Myanmar,MMR,2014,1.26
Myanmar,MMR,2015,1.27
Myanmar,MMR,2016,1.3
Myanmar,MMR,2017,1.32
Myanmar,MMR,2018,1.34
Myanmar,MMR,2019,1.36
Namibia,NAM,2000,3.3
Namibia,NAM,2001,3.18
Namibia,NAM,2002,3.14
Namibia,NAM,2003,3.03
Namibia,NAM,2004,2.87
Namibia,NAM,2005,2.96
Namibia,NAM,2006,2.96
Namibia,NAM,2007,2.96
Namibia,NAM,2008,2.76
Namibia,NAM,2009,2.69
Namibia,NAM,2010,2.69
Namibia,NAM,2011,2.56
Namibia,NAM,2012,2.39
Namibia,NAM,2013,2.4
Namibia,NAM,2014,2.5
Namibia,NAM,2015,2.58
Namibia,NAM,2016,2.47
Namibia,NAM,2017,2.52
Namibia,NAM,2018,2.4
Namibia,NAM,2019,2.4
Nepal,NPL,2000,0.69
Nepal,NPL,2001,0.68
Nepal,NPL,2002,0.68
Nepal,NPL,2003,0.69
Nepal,NPL,2004,0.69
Nepal,NPL,2005,0.7
Nepal,NPL,2006,0.71
Nepal,NPL,2007,0.73
Nepal,NPL,2008,0.74
Nepal,NPL,2009,0.78
Nepal,NPL,2010,0.79
Nepal,NPL,2011,0.82
Nepal,NPL,2012,0.84
Nepal,NPL,2013,0.85
Nepal,NPL,2014,0.87
Nepal,NPL,2015,0.87
Nepal,NPL,2016,0.87
Nepal,NPL,2017,0.89
Nepal,NPL,2018,0.9
Nepal,NPL,2019,0.91
Netherlands,NLD,2000,3.29
Netherlands,NLD,2001,3.81
Netherlands,NLD,2002,3.31
Netherlands,NLD,2003,2.91
Netherlands,NLD,2004,2.87
Netherlands,NLD,2005,3.02
Netherlands,NLD,2006,2.97
Netherlands,NLD,2007,2.89
Netherlands,NLD,2008,3.27
Netherlands,NLD,2009,3.3
Netherlands,NLD,2010,2.95
Netherlands,NLD,2011,3.13
Netherlands,NLD,2012,3.14
Netherlands,NLD,2013,4.85
Netherlands,NLD,2014,4.79
Netherlands,NLD,2015,5.66
Netherlands,NLD,2016,5.99
Netherlands,NLD,2017,6.04
Netherlands,NLD,2018,6.13
Netherlands,NLD,2019,6.36
New Zealand,NZL,2000,1.98
New Zealand,NZL,2001,2.43
New Zealand,NZL,2002,2.46
New Zealand,NZL,2003,2.66
New Zealand,NZL,2004,2.74
New Zealand,NZL,2005,2.59
New Zealand,NZL,2006,2.36
New Zealand,NZL,2007,2.57
New Zealand,NZL,2008,2.58
New Zealand,NZL,2009,2.78
New Zealand,NZL,2010,2.75
New Zealand,NZL,2011,2.93
New Zealand,NZL,2012,2.96
New Zealand,NZL,2013,2.42
New Zealand,NZL,2014,2.94
New Zealand,NZL,2015,3.19
New Zealand,NZL,2016,3.07
New Zealand,NZL,2017,3.02
New Zealand,NZL,2018,2.95
New Zealand,NZL,2019,2.96
Nicaragua,NIC,2000,4.3
Nicaragua,NIC,2001,3.74
Nicaragua,NIC,2002,3.73
Nicaragua,NIC,2003,4.21
Nicaragua,NIC,2004,4.52
Nicaragua,NIC,2005,4.46
Nicaragua,NIC,2006,5.47
Nicaragua,NIC,2007,4.32
Nicaragua,NIC,2008,4.9
Nicaragua,NIC,2009,4.86
Nicaragua,NIC,2010,4.78
Nicaragua,NIC,2011,6.01
Nicaragua,NIC,2012,5.89
Nicaragua,NIC,2013,5.37
Nicaragua,NIC,2014,6.2
Nicaragua,NIC,2015,5.13
Nicaragua,NIC,2016,5.3
Nicaragua,NIC,2017,4.99
Nicaragua,NIC,2018,4.74
Nicaragua,NIC,2019,5.1
Niger,NER,2000,0.99
Niger,NER,2001,1
Niger,NER,2002,1.01
Niger,NER,2003,1.05
Niger,NER,2004,1.04
Niger,NER,2005,1.07
Niger,NER,2006,1.08
Niger,NER,2007,1.09
Niger,NER,2008,1.08
Niger,NER,2009,1.1
Niger,NER,2010,1.06
Niger,NER,2011,1.07
Niger,NER,2012,1.07
Niger,NER,2013,1.09
Niger,NER,2014,1.09
Niger,NER,2015,1.07
Niger,NER,2016,1.05
Niger,NER,2017,1.06
Niger,NER,2018,1.06
Niger,NER,2019,1.06
Nigeria,NGA,2000,2.65
Nigeria,NGA,2001,2.78
Nigeria,NGA,2002,2.8
Nigeria,NGA,2003,2.89
Nigeria,NGA,2004,2.93
Nigeria,NGA,2005,2.87
Nigeria,NGA,2006,2.85
Nigeria,NGA,2007,2.89
Nigeria,NGA,2008,2.93
Nigeria,NGA,2009,2.95
Nigeria,NGA,2010,2.86
Nigeria,NGA,2011,2.97
Nigeria,NGA,2012,3.06
Nigeria,NGA,2013,3.13
Nigeria,NGA,2014,3.21
Nigeria,NGA,2015,3.29
Nigeria,NGA,2016,3.41
Nigeria,NGA,2017,3.49
Nigeria,NGA,2018,3.57
Nigeria,NGA,2019,3.63
North America,,2000,7.301561
North America,,2001,7.591897
North America,,2002,7.970209
North America,,2003,8.281606
North America,,2004,8.443608
North America,,2005,8.882761
North America,,2006,9.207074
North America,,2007,9.179707
North America,,2008,9.624277
North America,,2009,10.067674
North America,,2010,10.405265
North America,,2011,11.043289
North America,,2012,11.599767
North America,,2013,12.478366
North America,,2014,13.624935
North America,,2015,15.339587
North America,,2016,15.695552
North America,,2017,16.768373
North America,,2018,17.487707
North America,,2019,18.127586
North Korea,PRK,2000,2.01
North Korea,PRK,2001,1.92
North Korea,PRK,2002,1.88
North Korea,PRK,2003,2.06
North Korea,PRK,2004,2.03
North Korea,PRK,2005,2.04
North Korea,PRK,2006,2.07
North Korea,PRK,2007,2.16
North Korea,PRK,2008,2.29
North Korea,PRK,2009,2.29
North Korea,PRK,2010,2.27
North Korea,PRK,2011,2.28
North Korea,PRK,2012,2.26
North Korea,PRK,2013,2.33
North Korea,PRK,2014,2.41
North Korea,PRK,2015,2.54
North Korea,PRK,2016,2.55
North Korea,PRK,2017,2.51
North Korea,PRK,2018,2.53
North Korea,PRK,2019,2.57
North Macedonia,MKD,2000,1.45
North Macedonia,MKD,2001,1.48
North Macedonia,MKD,2002,2.21
North Macedonia,MKD,2003,2.07
North Macedonia,MKD,2004,1.83
North Macedonia,MKD,2005,1.86
North Macedonia,MKD,2006,1.55
North Macedonia,MKD,2007,1.87
North Macedonia,MKD,2008,1.06
North Macedonia,MKD,2009,1.27
North Macedonia,MKD,2010,1.5
North Macedonia,MKD,2011,1.03
North Macedonia,MKD,2012,1.01
North Macedonia,MKD,2013,1.3
North Macedonia,MKD,2014,1.13
North Macedonia,MKD,2015,1.13
North Macedonia,MKD,2016,1.15
North Macedonia,MKD,2017,1.09
North Macedonia,MKD,2018,1.09
North Macedonia,MKD,2019,1.09
Norway,NOR,2000,12.97
Norway,NOR,2001,13.37
Norway,NOR,2002,12.78
Norway,NOR,2003,12.32
Norway,NOR,2004,11.97
Norway,NOR,2005,11.75
Norway,NOR,2006,11.94
Norway,NOR,2007,10.89
Norway,NOR,2008,11.64
Norway,NOR,2009,11.95
Norway,NOR,2010,12.26
Norway,NOR,2011,11.74
Norway,NOR,2012,10.29
Norway,NOR,2013,10.5
Norway,NOR,2014,9.98
Norway,NOR,2015,9.22
Norway,NOR,2016,9.57
Norway,NOR,2017,9.54
Norway,NOR,2018,9.54
Norway,NOR,2019,9.54
Oceania,,2000,6.576751
Oceania,,2001,5.519428
Oceania,,2002,5.290867
Oceania,,2003,5.148366
Oceania,,2004,5.0147448
Oceania,,2005,5.2018104
Oceania,,2006,4.9124494
Oceania,,2007,5.215633
Oceania,,2008,5.375522
Oceania,,2009,5.4532995
Oceania,,2010,5.439669
Oceania,,2011,5.46366
Oceania,,2012,5.2645893
Oceania,,2013,5.165969
Oceania,,2014,5.718839
Oceania,,2015,5.997476
Oceania,,2016,5.975043
Oceania,,2017,5.9219747
Oceania,,2018,5.814918
Oceania,,2019,5.9828734
Oman,OMN,2000,0.6
Oman,OMN,2001,0.6
Oman,OMN,2002,0.58
Oman,OMN,2003,0.61
Oman,OMN,2004,0.59
Oman,OMN,2005,0.6
Oman,OMN,2006,0.63
Oman,OMN,2007,0.65
Oman,OMN,2008,0.66
Oman,OMN,2009,0.71
Oman,OMN,2010,0.77
Oman,OMN,2011,0.7
Oman,OMN,2012,0.68
Oman,OMN,2013,0.78
Oman,OMN,2014,0.79
Oman,OMN,2015,0.79
Oman,OMN,2016,0.77
Oman,OMN,2017,0.79
Oman,OMN,2018,0.82
Oman,OMN,2019,0.84
Pakistan,PAK,2000,1.46
Pakistan,PAK,2001,1.46
Pakistan,PAK,2002,1.46
Pakistan,PAK,2003,1.47
Pakistan,PAK,2004,1.47
Pakistan,PAK,2005,1.48
Pakistan,PAK,2006,1.48
Pakistan,PAK,2007,1.47
Pakistan,PAK,2008,1.47
Pakistan,PAK,2009,1.46
Pakistan,PAK,2010,1.45
Pakistan,PAK,2011,1.45
Pakistan,PAK,2012,1.47
Pakistan,PAK,2013,1.48
Pakistan,PAK,2014,1.5
Pakistan,PAK,2015,1.51
Pakistan,PAK,2016,1.53
Pakistan,PAK,2017,1.54
Pakistan,PAK,2018,1.54
Pakistan,PAK,2019,1.54
Panama,PAN,2000,1.66
Panama,PAN,2001,1.31
Panama,PAN,2002,1.14
Panama,PAN,2003,1.62
Panama,PAN,2004,0.99
Panama,PAN,2005,1.21
Panama,PAN,2006,1.06
Panama,PAN,2007,0.88
Panama,PAN,2008,0.87
Panama,PAN,2009,1.22
Panama,PAN,2010,1.12
Panama,PAN,2011,1.43
Panama,PAN,2012,1.26
Panama,PAN,2013,1.18
Panama,PAN,2014,1.17
Panama,PAN,2015,1.53
Panama,PAN,2016,1.64
Panama,PAN,2017,1.8
Panama,PAN,2018,1.73
Panama,PAN,2019,1.75
Papua New Guinea,PNG,2000,0.77
Papua New Guinea,PNG,2001,0.82
Papua New Guinea,PNG,2002,0.82
Papua New Guinea,PNG,2003,0.86
Papua New Guinea,PNG,2004,0.89
Papua New Guinea,PNG,2005,0.92
Papua New Guinea,PNG,2006,0.93
Papua New Guinea,PNG,2007,0.97
Papua New Guinea,PNG,2008,0.96
Papua New Guinea,PNG,2009,0.95
Papua New Guinea,PNG,2010,0.99
Papua New Guinea,PNG,2011,1
Papua New Guinea,PNG,2012,1.08
Papua New Guinea,PNG,2013,1.09
Papua New Guinea,PNG,2014,1.15
Papua New Guinea,PNG,2015,1.17
Papua New Guinea,PNG,2016,1.17
Papua New Guinea,PNG,2017,1.16
Papua New Guinea,PNG,2018,1.18
Papua New Guinea,PNG,2019,1.21
Paraguay,PRY,2000,1.73
Paraguay,PRY,2001,1.61
Paraguay,PRY,2002,1.45
Paraguay,PRY,2003,1.57
Paraguay,PRY,2004,1.96
Paraguay,PRY,2005,2.62
Paraguay,PRY,2006,2.46
Paraguay,PRY,2007,1.64
Paraguay,PRY,2008,1.82
Paraguay,PRY,2009,1.61
Paraguay,PRY,2010,1.68
Paraguay,PRY,2011,2.21
Paraguay,PRY,2012,4.04
Paraguay,PRY,2013,4
Paraguay,PRY,2014,5.67
Paraguay,PRY,2015,6.46
Paraguay,PRY,2016,6.26
Paraguay,PRY,2017,5.5
Paraguay,PRY,2018,6.36
Paraguay,PRY,2019,6.48
Peru,PER,2000,2.98
Peru,PER,2001,3.2
Peru,PER,2002,3.25
Peru,PER,2003,3.28
Peru,PER,2004,3.14
Peru,PER,2005,2.81
Peru,PER,2006,2.63
Peru,PER,2007,2.5
Peru,PER,2008,2.47
Peru,PER,2009,2.72
Peru,PER,2010,2.76
Peru,PER,2011,2.67
Peru,PER,2012,2.6
Peru,PER,2013,2.56
Peru,PER,2014,2.55
Peru,PER,2015,2.57
Peru,PER,2016,2.69
Peru,PER,2017,2.81
Peru,PER,2018,2.88
Peru,PER,2019,2.95
Philippines,PHL,2000,1.39
Philippines,PHL,2001,1.33
Philippines,PHL,2002,1.42
Philippines,PHL,2003,1.48
Philippines,PHL,2004,1.28
Philippines,PHL,2005,1.22
Philippines,PHL,2006,1.28
Philippines,PHL,2007,1.16
Philippines,PHL,2008,1.12
Philippines,PHL,2009,1.01
Philippines,PHL,2010,0.97
Philippines,PHL,2011,0.84
Philippines,PHL,2012,0.99
Philippines,PHL,2013,0.96
Philippines,PHL,2014,1.02
Philippines,PHL,2015,1.06
Philippines,PHL,2016,1.08
Philippines,PHL,2017,1.12
Philippines,PHL,2018,1.14
Philippines,PHL,2019,1.16
Poland,POL,2000,7.95
Poland,POL,2001,8.31
Poland,POL,2002,7.95
Poland,POL,2003,8.49
Poland,POL,2004,9.32
Poland,POL,2005,10.22
Poland,POL,2006,11.29
Poland,POL,2007,11.15
Poland,POL,2008,10.34
Poland,POL,2009,9.38
Poland,POL,2010,8.55
Poland,POL,2011,8.87
Poland,POL,2012,8.78
Poland,POL,2013,7.89
Poland,POL,2014,7.49
Poland,POL,2015,9.65
Poland,POL,2016,11.53
Poland,POL,2017,13.75
Poland,POL,2018,13.26
Poland,POL,2019,14.79
Portugal,PRT,2000,1.73
Portugal,PRT,2001,2.1
Portugal,PRT,2002,3.06
Portugal,PRT,2003,2.72
Portugal,PRT,2004,2.91
Portugal,PRT,2005,2.95
Portugal,PRT,2006,2.98
Portugal,PRT,2007,2.94
Portugal,PRT,2008,3.25
Portugal,PRT,2009,3.18
Portugal,PRT,2010,3.26
Portugal,PRT,2011,2.9
Portugal,PRT,2012,2.72
Portugal,PRT,2013,2.77
Portugal,PRT,2014,2.65
Portugal,PRT,2015,2.78
Portugal,PRT,2016,3.02
Portugal,PRT,2017,2.86
Portugal,PRT,2018,3.13
Portugal,PRT,2019,3.03
Qatar,QAT,2000,0.65
Qatar,QAT,2001,0.63
Qatar,QAT,2002,0.56
Qatar,QAT,2003,0.52
Qatar,QAT,2004,0.49
Qatar,QAT,2005,0.51
Qatar,QAT,2006,0.47
Qatar,QAT,2007,0.51
Qatar,QAT,2008,0.49
Qatar,QAT,2009,0.51
Qatar,QAT,2010,0.55
Qatar,QAT,2011,0.57
Qatar,QAT,2012,0.57
Qatar,QAT,2013,0.58
Qatar,QAT,2014,0.62
Qatar,QAT,2015,0.61
Qatar,QAT,2016,0.62
Qatar,QAT,2017,0.63
Qatar,QAT,2018,0.66
Qatar,QAT,2019,0.68
Romania,ROU,2000,6.57
Romania,ROU,2001,6.93
Romania,ROU,2002,7.61
Romania,ROU,2003,7.13
Romania,ROU,2004,6.29
Romania,ROU,2005,5.27
Romania,ROU,2006,4.6
Romania,ROU,2007,4.56
Romania,ROU,2008,4.86
Romania,ROU,2009,5.09
Romania,ROU,2010,5.31
Romania,ROU,2011,4.17
Romania,ROU,2012,3.93
Romania,ROU,2013,4.08
Romania,ROU,2014,4.52
Romania,ROU,2015,4.25
Romania,ROU,2016,4.39
Romania,ROU,2017,4.18
Romania,ROU,2018,4.41
Romania,ROU,2019,4.44
Russia,RUS,2000,43.63
Russia,RUS,2001,44.95
Russia,RUS,2002,46.46
Russia,RUS,2003,47.25
Russia,RUS,2004,46.55
Russia,RUS,2005,45.09
Russia,RUS,2006,41.56
Russia,RUS,2007,38.04
Russia,RUS,2008,35.84
Russia,RUS,2009,32.98
Russia,RUS,2010,30.71
Russia,RUS,2011,28.85
Russia,RUS,2012,27.45
Russia,RUS,2013,26.65
Russia,RUS,2014,26.64
Russia,RUS,2015,26.1
Russia,RUS,2016,26.21
Russia,RUS,2017,25.46
Russia,RUS,2018,25.97
Russia,RUS,2019,25.41
Rwanda,RWA,2000,2.54
Rwanda,RWA,2001,2.29
Rwanda,RWA,2002,2.08
Rwanda,RWA,2003,1.87
Rwanda,RWA,2004,1.68
Rwanda,RWA,2005,1.57
Rwanda,RWA,2006,1.54
Rwanda,RWA,2007,1.52
Rwanda,RWA,2008,1.5
Rwanda,RWA,2009,1.46
Rwanda,RWA,2010,1.41
Rwanda,RWA,2011,1.37
Rwanda,RWA,2012,1.35
Rwanda,RWA,2013,1.31
Rwanda,RWA,2014,1.32
Rwanda,RWA,2015,1.31
Rwanda,RWA,2016,1.31
Rwanda,RWA,2017,1.32
Rwanda,RWA,2018,1.34
Rwanda,RWA,2019,1.35
Saint Lucia,LCA,2000,4.83
Saint Lucia,LCA,2001,4.82
Saint Lucia,LCA,2002,4.59
Saint Lucia,LCA,2003,4.67
Saint Lucia,LCA,2004,4.49
Saint Lucia,LCA,2005,4.57
Saint Lucia,LCA,2006,4.77
Saint Lucia,LCA,2007,4.78
Saint Lucia,LCA,2008,5.26
Saint Lucia,LCA,2009,5.15
Saint Lucia,LCA,2010,5.46
Saint Lucia,LCA,2011,5.14
Saint Lucia,LCA,2012,5.75
Saint Lucia,LCA,2013,5.59
Saint Lucia,LCA,2014,5.83
Saint Lucia,LCA,2015,5.92
Saint Lucia,LCA,2016,5.75
Saint Lucia,LCA,2017,6.02
Saint Lucia,LCA,2018,6.1
Saint Lucia,LCA,2019,6.11
Saint Vincent and the Grenadines,VCT,2000,4.45
Saint Vincent and the Grenadines,VCT,2001,3.36
Saint Vincent and the Grenadines,VCT,2002,4.59
Saint Vincent and the Grenadines,VCT,2003,6.44
Saint Vincent and the Grenadines,VCT,2004,10.79
Saint Vincent and the Grenadines,VCT,2005,11.04
Saint Vincent and the Grenadines,VCT,2006,8.53
Saint Vincent and the Grenadines,VCT,2007,7.11
Saint Vincent and the Grenadines,VCT,2008,5.84
Saint Vincent and the Grenadines,VCT,2009,5.11
Saint Vincent and the Grenadines,VCT,2010,3.8
Saint Vincent and the Grenadines,VCT,2011,4.51
Saint Vincent and the Grenadines,VCT,2012,4.66
Saint Vincent and the Grenadines,VCT,2013,4.32
Saint Vincent and the Grenadines,VCT,2014,3.74
Saint Vincent and the Grenadines,VCT,2015,2.74
Saint Vincent and the Grenadines,VCT,2016,2.6
Saint Vincent and the Grenadines,VCT,2017,2.02
Saint Vincent and the Grenadines,VCT,2018,2.57
Saint Vincent and the Grenadines,VCT,2019,2.58
Samoa,WSM,2000,1.28
Samoa,WSM,2001,1.29
Samoa,WSM,2002,1.3
Samoa,WSM,2003,1.31
Samoa,WSM,2004,1.3
Samoa,WSM,2005,1.31
Samoa,WSM,2006,1.32
Samoa,WSM,2007,1.31
Samoa,WSM,2008,1.31
Samoa,WSM,2009,1.22
Samoa,WSM,2010,1.31
Samoa,WSM,2011,1.31
Samoa,WSM,2012,1.32
Samoa,WSM,2013,1.3
Samoa,WSM,2014,1.33
Samoa,WSM,2015,1.33
Samoa,WSM,2016,1.34
Samoa,WSM,2017,1.34
Samoa,WSM,2018,1.35
Samoa,WSM,2019,1.35
Sao Tome and Principe,STP,2000,0.86
Sao Tome and Principe,STP,2001,0.97
Sao Tome and Principe,STP,2002,0.94
Sao Tome and Principe,STP,2003,0.84
Sao Tome and Principe,STP,2004,0.85
Sao Tome and Principe,STP,2005,0.91
Sao Tome and Principe,STP,2006,0.94
Sao Tome and Principe,STP,2007,1.04
Sao Tome and Principe,STP,2008,1.06
Sao Tome and Principe,STP,2009,1.11
Sao Tome and Principe,STP,2010,1.12
Sao Tome and Principe,STP,2011,1.15
Sao Tome and Principe,STP,2012,1.24
Sao Tome and Principe,STP,2013,1.27
Sao Tome and Principe,STP,2014,1.24
Sao Tome and Principe,STP,2015,1.33
Sao Tome and Principe,STP,2016,1.36
Sao Tome and Principe,STP,2017,1.42
Sao Tome and Principe,STP,2018,1.45
Sao Tome and Principe,STP,2019,1.49
Saudi Arabia,SAU,2000,1.05
Saudi Arabia,SAU,2001,1.07
Saudi Arabia,SAU,2002,1.14
Saudi Arabia,SAU,2003,1.13
Saudi Arabia,SAU,2004,1.02
Saudi Arabia,SAU,2005,0.99
Saudi Arabia,SAU,2006,1.02
Saudi Arabia,SAU,2007,1.11
Saudi Arabia,SAU,2008,1.18
Saudi Arabia,SAU,2009,1.25
Saudi Arabia,SAU,2010,1.29
Saudi Arabia,SAU,2011,1.31
Saudi Arabia,SAU,2012,1.35
Saudi Arabia,SAU,2013,1.43
Saudi Arabia,SAU,2014,1.51
Saudi Arabia,SAU,2015,1.5
Saudi Arabia,SAU,2016,1.64
Saudi Arabia,SAU,2017,1.7
Saudi Arabia,SAU,2018,1.76
Saudi Arabia,SAU,2019,1.82
Senegal,SEN,2000,1.35
Senegal,SEN,2001,1.37
Senegal,SEN,2002,1.33
Senegal,SEN,2003,1.44
Senegal,SEN,2004,1.46
Senegal,SEN,2005,1.45
Senegal,SEN,2006,1.43
Senegal,SEN,2007,1.4
Senegal,SEN,2008,1.42
Senegal,SEN,2009,1.39
Senegal,SEN,2010,1.32
Senegal,SEN,2011,1.3
Senegal,SEN,2012,1.31
Senegal,SEN,2013,1.31
Senegal,SEN,2014,1.31
Senegal,SEN,2015,1.29
Senegal,SEN,2016,1.29
Senegal,SEN,2017,1.31
Senegal,SEN,2018,1.3
Senegal,SEN,2019,1.3
Serbia,SRB,2000,4.57
Serbia,SRB,2001,4.43
Serbia,SRB,2002,4.78
Serbia,SRB,2003,5.5
Serbia,SRB,2004,6.54
Serbia,SRB,2005,6.13
Serbia,SRB,2006,5.17
Serbia,SRB,2007,5.03
Serbia,SRB,2008,5.68
Serbia,SRB,2009,6.16
Serbia,SRB,2010,6.74
Serbia,SRB,2011,4.93
Serbia,SRB,2012,4.95
Serbia,SRB,2013,5.02
Serbia,SRB,2014,6.15
Serbia,SRB,2015,5.68
Serbia,SRB,2016,5.78
Serbia,SRB,2017,6.77
Serbia,SRB,2018,6.19
Serbia,SRB,2019,6.29
Seychelles,SYC,2000,1.59
Seychelles,SYC,2001,1.63
Seychelles,SYC,2002,1.56
Seychelles,SYC,2003,1.6
Seychelles,SYC,2004,1.65
Seychelles,SYC,2005,1.55
Seychelles,SYC,2006,1.47
Seychelles,SYC,2007,1.41
Seychelles,SYC,2008,1.45
Seychelles,SYC,2009,1.4
Seychelles,SYC,2010,1.35
Seychelles,SYC,2011,1.32
Seychelles,SYC,2012,1.33
Seychelles,SYC,2013,1.3
Seychelles,SYC,2014,1.32
Seychelles,SYC,2015,1.35
Seychelles,SYC,2016,1.42
Seychelles,SYC,2017,1.46
Seychelles,SYC,2018,1.48
Seychelles,SYC,2019,1.49
Sierra Leone,SLE,2000,2.14
Sierra Leone,SLE,2001,2.27
Sierra Leone,SLE,2002,2.35
Sierra Leone,SLE,2003,2.41
Sierra Leone,SLE,2004,2.41
Sierra Leone,SLE,2005,2.38
Sierra Leone,SLE,2006,2.41
Sierra Leone,SLE,2007,2.36
Sierra Leone,SLE,2008,2.42
Sierra Leone,SLE,2009,2.4
Sierra Leone,SLE,2010,2.34
Sierra Leone,SLE,2011,2.25
Sierra Leone,SLE,2012,2.37
Sierra Leone,SLE,2013,2.43
Sierra Leone,SLE,2014,3.15
Sierra Leone,SLE,2015,2.71
Sierra Leone,SLE,2016,2.79
Sierra Leone,SLE,2017,2.89
Sierra Leone,SLE,2018,2.98
Sierra Leone,SLE,2019,3.04
Singapore,SGP,2000,0.12
Singapore,SGP,2001,0.13
Singapore,SGP,2002,0.14
Singapore,SGP,2003,0.15
Singapore,SGP,2004,0.17
Singapore,SGP,2005,0.25
Singapore,SGP,2006,0.25
Singapore,SGP,2007,0.27
Singapore,SGP,2008,0.24
Singapore,SGP,2009,0.22
Singapore,SGP,2010,0.23
Singapore,SGP,2011,0.25
Singapore,SGP,2012,0.33
Singapore,SGP,2013,0.33
Singapore,SGP,2014,0.34
Singapore,SGP,2015,0.34
Singapore,SGP,2016,0.37
Singapore,SGP,2017,0.34
Singapore,SGP,2018,0.39
Singapore,SGP,2019,0.5
Slovakia,SVK,2000,3.42
Slovakia,SVK,2001,3.1
Slovakia,SVK,2002,3.25
Slovakia,SVK,2003,3.44
Slovakia,SVK,2004,2.99
Slovakia,SVK,2005,3.82
Slovakia,SVK,2006,1.41
Slovakia,SVK,2007,1.45
Slovakia,SVK,2008,3.76
Slovakia,SVK,2009,3.7
Slovakia,SVK,2010,2.9
Slovakia,SVK,2011,4.2
Slovakia,SVK,2012,5.07
Slovakia,SVK,2013,4.49
Slovakia,SVK,2014,6
Slovakia,SVK,2015,5.15
Slovakia,SVK,2016,5.13
Slovakia,SVK,2017,5.05
Slovakia,SVK,2018,5
Slovakia,SVK,2019,4.95
Slovenia,SVN,2000,8.4
Slovenia,SVN,2001,9.12
Slovenia,SVN,2002,9.55
Slovenia,SVN,2003,7.76
Slovenia,SVN,2004,6.92
Slovenia,SVN,2005,6.28
Slovenia,SVN,2006,5.51
Slovenia,SVN,2007,5.43
Slovenia,SVN,2008,8.35
Slovenia,SVN,2009,8.33
Slovenia,SVN,2010,9.66
Slovenia,SVN,2011,10.36
Slovenia,SVN,2012,11.1
Slovenia,SVN,2013,12.65
Slovenia,SVN,2014,11.98
Slovenia,SVN,2015,15.8
Slovenia,SVN,2016,17
Slovenia,SVN,2017,20.14
Slovenia,SVN,2018,20.64
Slovenia,SVN,2019,26.33
Solomon Islands,SLB,2000,1.21
Solomon Islands,SLB,2001,1.21
Solomon Islands,SLB,2002,1.24
Solomon Islands,SLB,2003,1.28
Solomon Islands,SLB,2004,1.21
Solomon Islands,SLB,2005,1.26
Solomon Islands,SLB,2006,1.27
Solomon Islands,SLB,2007,1.34
Solomon Islands,SLB,2008,1.39
Solomon Islands,SLB,2009,1.4
Solomon Islands,SLB,2010,1.4
Solomon Islands,SLB,2011,1.41
Solomon Islands,SLB,2012,1.42
Solomon Islands,SLB,2013,1.42
Solomon Islands,SLB,2014,1.42
Solomon Islands,SLB,2015,1.41
Solomon Islands,SLB,2016,1.41
Solomon Islands,SLB,2017,1.41
Solomon Islands,SLB,2018,1.41
Solomon Islands,SLB,2019,1.41
Somalia,SOM,2000,1.49
Somalia,SOM,2001,1.47
Somalia,SOM,2002,1.46
Somalia,SOM,2003,1.47
Somalia,SOM,2004,1.48
Somalia,SOM,2005,1.46
Somalia,SOM,2006,1.42
Somalia,SOM,2007,1.41
Somalia,SOM,2008,1.43
Somalia,SOM,2009,1.42
Somalia,SOM,2010,1.34
Somalia,SOM,2011,1.33
Somalia,SOM,2012,1.35
Somalia,SOM,2013,1.34
Somalia,SOM,2014,1.35
Somalia,SOM,2015,1.34
Somalia,SOM,2016,1.34
Somalia,SOM,2017,1.34
Somalia,SOM,2018,1.34
Somalia,SOM,2019,1.33
South Africa,ZAF,2000,4.88
South Africa,ZAF,2001,4.62
South Africa,ZAF,2002,4.45
South Africa,ZAF,2003,4.22
South Africa,ZAF,2004,3.97
South Africa,ZAF,2005,3.73
South Africa,ZAF,2006,3.45
South Africa,ZAF,2007,3.35
South Africa,ZAF,2008,3.28
South Africa,ZAF,2009,3.26
South Africa,ZAF,2010,3.14
South Africa,ZAF,2011,3.07
South Africa,ZAF,2012,3.04
South Africa,ZAF,2013,3.06
South Africa,ZAF,2014,3.11
South Africa,ZAF,2015,3.16
South Africa,ZAF,2016,3.19
South Africa,ZAF,2017,3.23
South Africa,ZAF,2018,3.09
South Africa,ZAF,2019,3
South America,,2000,3.2912478
South America,,2001,3.343443
South America,,2002,3.3123205
South America,,2003,3.3510878
South America,,2004,3.4227629
South America,,2005,3.5243025
South America,,2006,3.5190332
South America,,2007,3.6472728
South America,,2008,3.7301764
South America,,2009,3.6300917
South America,,2010,3.6568367
South America,,2011,3.7378366
South America,,2012,3.6642814
South America,,2013,3.6673217
South America,,2014,3.5684035
South America,,2015,3.5613506
South America,,2016,3.5743167
South America,,2017,3.5191705
South America,,2018,3.6146905
South America,,2019,3.6780167
South Korea,KOR,2000,4.27
South Korea,KOR,2001,3.78
South Korea,KOR,2002,3.34
South Korea,KOR,2003,3.07
South Korea,KOR,2004,3.08
South Korea,KOR,2005,3
South Korea,KOR,2006,2.95
South Korea,KOR,2007,2.66
South Korea,KOR,2008,2.61
South Korea,KOR,2009,2.24
South Korea,KOR,2010,2.27
South Korea,KOR,2011,2.21
South Korea,KOR,2012,2.2
South Korea,KOR,2013,2.19
South Korea,KOR,2014,2.14
South Korea,KOR,2015,2.23
South Korea,KOR,2016,2.43
South Korea,KOR,2017,2.69
South Korea,KOR,2018,2.63
South Korea,KOR,2019,2.59
South Sudan,SSD,2000,0.79
South Sudan,SSD,2001,0.74
South Sudan,SSD,2002,0.73
South Sudan,SSD,2003,0.74
South Sudan,SSD,2004,0.75
South Sudan,SSD,2005,0.75
South Sudan,SSD,2006,0.76
South Sudan,SSD,2007,0.76
South Sudan,SSD,2008,0.73
South Sudan,SSD,2009,0.71
South Sudan,SSD,2010,0.69
South Sudan,SSD,2011,0.67
South Sudan,SSD,2012,0.68
South Sudan,SSD,2013,0.67
South Sudan,SSD,2014,0.65
South Sudan,SSD,2015,0.68
South Sudan,SSD,2016,0.72
South Sudan,SSD,2017,0.73
South Sudan,SSD,2018,0.77
South Sudan,SSD,2019,0.78
Spain,ESP,2000,3.34
Spain,ESP,2001,3.53
Spain,ESP,2002,3.3
Spain,ESP,2003,3.36
Spain,ESP,2004,3.42
Spain,ESP,2005,3.47
Spain,ESP,2006,3.24
Spain,ESP,2007,3.12
Spain,ESP,2008,3.18
Spain,ESP,2009,3.15
Spain,ESP,2010,3.05
Spain,ESP,2011,3.07
Spain,ESP,2012,3.22
Spain,ESP,2013,2.97
Spain,ESP,2014,3.06
Spain,ESP,2015,3.15
Spain,ESP,2016,3.04
Spain,ESP,2017,2.92
Spain,ESP,2018,2.98
Spain,ESP,2019,3.01
Sri Lanka,LKA,2000,5.02
Sri Lanka,LKA,2001,4.69
Sri Lanka,LKA,2002,4.59
Sri Lanka,LKA,2003,4.75
Sri Lanka,LKA,2004,5.87
Sri Lanka,LKA,2005,3.51
Sri Lanka,LKA,2006,2.02
Sri Lanka,LKA,2007,2.5
Sri Lanka,LKA,2008,2.45
Sri Lanka,LKA,2009,2.29
Sri Lanka,LKA,2010,2.42
Sri Lanka,LKA,2011,1.55
Sri Lanka,LKA,2012,1.49
Sri Lanka,LKA,2013,1.29
Sri Lanka,LKA,2014,1.4
Sri Lanka,LKA,2015,1.5
Sri Lanka,LKA,2016,1.55
Sri Lanka,LKA,2017,1.6
Sri Lanka,LKA,2018,1.61
Sri Lanka,LKA,2019,1.62
Sudan,SDN,2000,1.67
Sudan,SDN,2001,1.72
Sudan,SDN,2002,1.77
Sudan,SDN,2003,1.79
Sudan,SDN,2004,1.87
Sudan,SDN,2005,1.93
Sudan,SDN,2006,1.99
Sudan,SDN,2007,2.02
Sudan,SDN,2008,2.03
Sudan,SDN,2009,2.08
Sudan,SDN,2010,2.07
Sudan,SDN,2011,2.13
Sudan,SDN,2012,2.17
Sudan,SDN,2013,2.21
Sudan,SDN,2014,2.29
Sudan,SDN,2015,2.36
Sudan,SDN,2016,2.46
Sudan,SDN,2017,2.49
Sudan,SDN,2018,2.56
Sudan,SDN,2019,2.62
Suriname,SUR,2000,3.68
Suriname,SUR,2001,3.92
Suriname,SUR,2002,3.96
Suriname,SUR,2003,3.8
Suriname,SUR,2004,3.65
Suriname,SUR,2005,3.67
Suriname,SUR,2006,3.58
Suriname,SUR,2007,3.45
Suriname,SUR,2008,3.47
Suriname,SUR,2009,3.4
Suriname,SUR,2010,3.44
Suriname,SUR,2011,3.37
Suriname,SUR,2012,3.43
Suriname,SUR,2013,3.46
Suriname,SUR,2014,3.44
Suriname,SUR,2015,3.6
Suriname,SUR,2016,3.68
Suriname,SUR,2017,3.78
Suriname,SUR,2018,3.97
Suriname,SUR,2019,4.07
Sweden,SWE,2000,9.01
Sweden,SWE,2001,8.22
Sweden,SWE,2002,8.78
Sweden,SWE,2003,9.11
Sweden,SWE,2004,9.34
Sweden,SWE,2005,8.62
Sweden,SWE,2006,8.17
Sweden,SWE,2007,8.68
Sweden,SWE,2008,8.23
Sweden,SWE,2009,8.85
Sweden,SWE,2010,8.49
Sweden,SWE,2011,8.07
Sweden,SWE,2012,7.68
Sweden,SWE,2013,7.97
Sweden,SWE,2014,8.15
Sweden,SWE,2015,8.85
Sweden,SWE,2016,8.55
Sweden,SWE,2017,9.01
Sweden,SWE,2018,8.76
Sweden,SWE,2019,9.02
Switzerland,CHE,2000,8.32
Switzerland,CHE,2001,8.44
Switzerland,CHE,2002,8.36
Switzerland,CHE,2003,8.97
Switzerland,CHE,2004,8.25
Switzerland,CHE,2005,8.32
Switzerland,CHE,2006,7.39
Switzerland,CHE,2007,7.53
Switzerland,CHE,2008,7.51
Switzerland,CHE,2009,7.82
Switzerland,CHE,2010,7.61
Switzerland,CHE,2011,7.59
Switzerland,CHE,2012,6.71
Switzerland,CHE,2013,7.13
Switzerland,CHE,2014,6.73
Switzerland,CHE,2015,7.03
Switzerland,CHE,2016,6.72
Switzerland,CHE,2017,6.27
Switzerland,CHE,2018,6.36
Switzerland,CHE,2019,6.34
Syria,SYR,2000,0.63
Syria,SYR,2001,0.64
Syria,SYR,2002,0.68
Syria,SYR,2003,0.72
Syria,SYR,2004,0.76
Syria,SYR,2005,0.84
Syria,SYR,2006,0.94
Syria,SYR,2007,1.02
Syria,SYR,2008,1.1
Syria,SYR,2009,1.18
Syria,SYR,2010,1.11
Syria,SYR,2011,1.19
Syria,SYR,2012,1.28
Syria,SYR,2013,1.33
Syria,SYR,2014,1.38
Syria,SYR,2015,1.43
Syria,SYR,2016,1.5
Syria,SYR,2017,1.62
Syria,SYR,2018,1.7
Syria,SYR,2019,1.75
Tajikistan,TJK,2000,2.98
Tajikistan,TJK,2001,2.85
Tajikistan,TJK,2002,2.76
Tajikistan,TJK,2003,2.65
Tajikistan,TJK,2004,2.63
Tajikistan,TJK,2005,2.69
Tajikistan,TJK,2006,2.65
Tajikistan,TJK,2007,2.61
Tajikistan,TJK,2008,2.53
Tajikistan,TJK,2009,2.43
Tajikistan,TJK,2010,2.3
Tajikistan,TJK,2011,2.16
Tajikistan,TJK,2012,2.01
Tajikistan,TJK,2013,1.83
Tajikistan,TJK,2014,1.69
Tajikistan,TJK,2015,1.56
Tajikistan,TJK,2016,1.44
Tajikistan,TJK,2017,1.49
Tajikistan,TJK,2018,1.55
Tajikistan,TJK,2019,1.59
Tanzania,TZA,2000,1.38
Tanzania,TZA,2001,1.32
Tanzania,TZA,2002,1.23
Tanzania,TZA,2003,1.19
Tanzania,TZA,2004,1.12
Tanzania,TZA,2005,1.07
Tanzania,TZA,2006,1.07
Tanzania,TZA,2007,1.1
Tanzania,TZA,2008,1.16
Tanzania,TZA,2009,1.15
Tanzania,TZA,2010,1.1
Tanzania,TZA,2011,1.06
Tanzania,TZA,2012,1.03
Tanzania,TZA,2013,1.11
Tanzania,TZA,2014,1.08
Tanzania,TZA,2015,1.11
Tanzania,TZA,2016,1.15
Tanzania,TZA,2017,1.13
Tanzania,TZA,2018,1.14
Tanzania,TZA,2019,1.16
Thailand,THA,2000,2.11
Thailand,THA,2001,1.88
Thailand,THA,2002,1.8
Thailand,THA,2003,1.8
Thailand,THA,2004,1.71
Thailand,THA,2005,1.44
Thailand,THA,2006,1.49
Thailand,THA,2007,1.49
Thailand,THA,2008,1.53
Thailand,THA,2009,1.56
Thailand,THA,2010,1.63
Thailand,THA,2011,1.71
Thailand,THA,2012,1.76
Thailand,THA,2013,1.74
Thailand,THA,2014,1.77
Thailand,THA,2015,1.8
Thailand,THA,2016,1.85
Thailand,THA,2017,1.87
Thailand,THA,2018,1.91
Thailand,THA,2019,1.93
Togo,TGO,2000,1.98
Togo,TGO,2001,2.04
Togo,TGO,2002,2.11
Togo,TGO,2003,2.19
Togo,TGO,2004,2.24
Togo,TGO,2005,2.3
Togo,TGO,2006,2.39
Togo,TGO,2007,2.42
Togo,TGO,2008,2.49
Togo,TGO,2009,2.48
Togo,TGO,2010,2.37
Togo,TGO,2011,2.37
Togo,TGO,2012,2.4
Togo,TGO,2013,2.45
Togo,TGO,2014,2.48
Togo,TGO,2015,2.54
Togo,TGO,2016,2.59
Togo,TGO,2017,2.66
Togo,TGO,2018,2.68
Togo,TGO,2019,2.74
Tonga,TON,2000,1.01
Tonga,TON,2001,1.04
Tonga,TON,2002,1.05
Tonga,TON,2003,1.07
Tonga,TON,2004,1.08
Tonga,TON,2005,1.05
Tonga,TON,2006,1.05
Tonga,TON,2007,1.07
Tonga,TON,2008,1.07
Tonga,TON,2009,1.06
Tonga,TON,2010,1.16
Tonga,TON,2011,1.16
Tonga,TON,2012,1.2
Tonga,TON,2013,1.22
Tonga,TON,2014,1.24
Tonga,TON,2015,1.25
Tonga,TON,2016,1.2
Tonga,TON,2017,1.21
Tonga,TON,2018,1.17
Tonga,TON,2019,1.15
Trinidad and Tobago,TTO,2000,1.52
Trinidad and Tobago,TTO,2001,1.74
Trinidad and Tobago,TTO,2002,2.04
Trinidad and Tobago,TTO,2003,2.27
Trinidad and Tobago,TTO,2004,2.51
Trinidad and Tobago,TTO,2005,2.72
Trinidad and Tobago,TTO,2006,2.73
Trinidad and Tobago,TTO,2007,2.93
Trinidad and Tobago,TTO,2008,3.09
Trinidad and Tobago,TTO,2009,3.08
Trinidad and Tobago,TTO,2010,3.21
Trinidad and Tobago,TTO,2011,3.32
Trinidad and Tobago,TTO,2012,3.19
Trinidad and Tobago,TTO,2013,3.38
Trinidad and Tobago,TTO,2014,3.32
Trinidad and Tobago,TTO,2015,3.28
Trinidad and Tobago,TTO,2016,3.23
Trinidad and Tobago,TTO,2017,3.11
Trinidad and Tobago,TTO,2018,3.03
Trinidad and Tobago,TTO,2019,3
Tunisia,TUN,2000,1.43
Tunisia,TUN,2001,1.49
Tunisia,TUN,2002,1.54
Tunisia,TUN,2003,1.57
Tunisia,TUN,2004,1.66
Tunisia,TUN,2005,1.72
Tunisia,TUN,2006,1.78
Tunisia,TUN,2007,1.84
Tunisia,TUN,2008,1.9
Tunisia,TUN,2009,1.94
Tunisia,TUN,2010,1.98
Tunisia,TUN,2011,1.99
Tunisia,TUN,2012,2.07
Tunisia,TUN,2013,2.09
Tunisia,TUN,2014,2.13
Tunisia,TUN,2015,2.16
Tunisia,TUN,2016,2.2
Tunisia,TUN,2017,2.22
Tunisia,TUN,2018,2.24
Tunisia,TUN,2019,2.28
Turkey,TUR,2000,0.7
Turkey,TUR,2001,0.73
Turkey,TUR,2002,0.75
Turkey,TUR,2003,0.76
Turkey,TUR,2004,0.79
Turkey,TUR,2005,0.79
Turkey,TUR,2006,0.81
Turkey,TUR,2007,0.84
Turkey,TUR,2008,0.88
Turkey,TUR,2009,0.89
Turkey,TUR,2010,0.91
Turkey,TUR,2011,0.94
Turkey,TUR,2012,0.99
Turkey,TUR,2013,1.07
Turkey,TUR,2014,1.19
Turkey,TUR,2015,1.25
Turkey,TUR,2016,1.28
Turkey,TUR,2017,1.31
Turkey,TUR,2018,1.35
Turkey,TUR,2019,1.39
Turkmenistan,TKM,2000,5.88
Turkmenistan,TKM,2001,6.62
Turkmenistan,TKM,2002,7.2
Turkmenistan,TKM,2003,7.95
Turkmenistan,TKM,2004,8.31
Turkmenistan,TKM,2005,8.95
Turkmenistan,TKM,2006,8.94
Turkmenistan,TKM,2007,7.97
Turkmenistan,TKM,2008,6.85
Turkmenistan,TKM,2009,5.54
Turkmenistan,TKM,2010,4.61
Turkmenistan,TKM,2011,4.05
Turkmenistan,TKM,2012,3.68
Turkmenistan,TKM,2013,3.55
Turkmenistan,TKM,2014,3.31
Turkmenistan,TKM,2015,3.11
Turkmenistan,TKM,2016,3.12
Turkmenistan,TKM,2017,3.09
Turkmenistan,TKM,2018,3.11
Turkmenistan,TKM,2019,3.18
Uganda,UGA,2000,1.35
Uganda,UGA,2001,1.34
Uganda,UGA,2002,1.31
Uganda,UGA,2003,1.31
Uganda,UGA,2004,1.34
Uganda,UGA,2005,1.37
Uganda,UGA,2006,1.36
Uganda,UGA,2007,1.27
Uganda,UGA,2008,1.21
Uganda,UGA,2009,1.2
Uganda,UGA,2010,1.16
Uganda,UGA,2011,1.18
Uganda,UGA,2012,1.14
Uganda,UGA,2013,1.12
Uganda,UGA,2014,1.07
Uganda,UGA,2015,1.07
Uganda,UGA,2016,1.09
Uganda,UGA,2017,1.07
Uganda,UGA,2018,1.08
Uganda,UGA,2019,1.1
Ukraine,UKR,2000,30.11
Ukraine,UKR,2001,30.05
Ukraine,UKR,2002,30.88
Ukraine,UKR,2003,31.14
Ukraine,UKR,2004,32.07
Ukraine,UKR,2005,32.71
Ukraine,UKR,2006,30.47
Ukraine,UKR,2007,29.67
Ukraine,UKR,2008,28.02
Ukraine,UKR,2009,23.74
Ukraine,UKR,2010,21.12
Ukraine,UKR,2011,19.32
Ukraine,UKR,2012,18.54
Ukraine,UKR,2013,17.56
Ukraine,UKR,2014,18.54
Ukraine,UKR,2015,13.7
Ukraine,UKR,2016,13.96
Ukraine,UKR,2017,14.1
Ukraine,UKR,2018,15.29
Ukraine,UKR,2019,15.48
United Arab Emirates,ARE,2000,4.27
United Arab Emirates,ARE,2001,4.31
United Arab Emirates,ARE,2002,3.61
United Arab Emirates,ARE,2003,3.55
United Arab Emirates,ARE,2004,3.73
United Arab Emirates,ARE,2005,3.93
United Arab Emirates,ARE,2006,4.12
United Arab Emirates,ARE,2007,4.15
United Arab Emirates,ARE,2008,4.41
United Arab Emirates,ARE,2009,4.71
United Arab Emirates,ARE,2010,5.01
United Arab Emirates,ARE,2011,4.98
United Arab Emirates,ARE,2012,5.02
United Arab Emirates,ARE,2013,4.96
United Arab Emirates,ARE,2014,4.92
United Arab Emirates,ARE,2015,4.91
United Arab Emirates,ARE,2016,4.91
United Arab Emirates,ARE,2017,4.9
United Arab Emirates,ARE,2018,4.96
United Arab Emirates,ARE,2019,5.02
United Kingdom,GBR,2000,5.1
United Kingdom,GBR,2001,5.6
United Kingdom,GBR,2002,5.48
United Kingdom,GBR,2003,5.43
United Kingdom,GBR,2004,5.63
United Kingdom,GBR,2005,5.72
United Kingdom,GBR,2006,5.66
United Kingdom,GBR,2007,5.9
United Kingdom,GBR,2008,6.14
United Kingdom,GBR,2009,5.96
United Kingdom,GBR,2010,6.21
United Kingdom,GBR,2011,5.91
United Kingdom,GBR,2012,5.83
United Kingdom,GBR,2013,6.05
United Kingdom,GBR,2014,6.44
United Kingdom,GBR,2015,6.59
United Kingdom,GBR,2016,6.63
United Kingdom,GBR,2017,6.41
United Kingdom,GBR,2018,6.55
United Kingdom,GBR,2019,6.68
United States,USA,2000,8.07
United States,USA,2001,8.69
United States,USA,2002,9.47
United States,USA,2003,10.04
United States,USA,2004,10.44
United States,USA,2005,11.13
United States,USA,2006,11.73
United States,USA,2007,11.87
United States,USA,2008,12.63
United States,USA,2009,13.37
United States,USA,2010,14.11
United States,USA,2011,15.23
United States,USA,2012,16.25
United States,USA,2013,17.74
United States,USA,2014,19.38
United States,USA,2015,22.43
United States,USA,2016,23.44
United States,USA,2017,25.29
United States,USA,2018,26.43
United States,USA,2019,27.5
Uruguay,URY,2000,3.29
Uruguay,URY,2001,2.94
Uruguay,URY,2002,2.49
Uruguay,URY,2003,2.73
Uruguay,URY,2004,2.41
Uruguay,URY,2005,2.09
Uruguay,URY,2006,2.15
Uruguay,URY,2007,3.4
Uruguay,URY,2008,2.72
Uruguay,URY,2009,2.72
Uruguay,URY,2010,3.54
Uruguay,URY,2011,3.57
Uruguay,URY,2012,3.24
Uruguay,URY,2013,3.84
Uruguay,URY,2014,4.26
Uruguay,URY,2015,4.06
Uruguay,URY,2016,4.18
Uruguay,URY,2017,5.39
Uruguay,URY,2018,4.74
Uruguay,URY,2019,4.85
Uzbekistan,UZB,2000,4.06
Uzbekistan,UZB,2001,3.56
Uzbekistan,UZB,2002,2.98
Uzbekistan,UZB,2003,2.34
Uzbekistan,UZB,2004,1.85
Uzbekistan,UZB,2005,1.81
Uzbekistan,UZB,2006,1.6
Uzbekistan,UZB,2007,1.43
Uzbekistan,UZB,2008,1.31
Uzbekistan,UZB,2009,1.23
Uzbekistan,UZB,2010,1.16
Uzbekistan,UZB,2011,1.13
Uzbekistan,UZB,2012,1.11
Uzbekistan,UZB,2013,1.08
Uzbekistan,UZB,2014,1.05
Uzbekistan,UZB,2015,1.06
Uzbekistan,UZB,2016,1.08
Uzbekistan,UZB,2017,1.11
Uzbekistan,UZB,2018,1.13
Uzbekistan,UZB,2019,1.14
Vanuatu,VUT,2000,1.3
Vanuatu,VUT,2001,1.32
Vanuatu,VUT,2002,1.34
Vanuatu,VUT,2003,1.34
Vanuatu,VUT,2004,1.34
Vanuatu,VUT,2005,1.34
Vanuatu,VUT,2006,1.39
Vanuatu,VUT,2007,1.4
Vanuatu,VUT,2008,1.41
Vanuatu,VUT,2009,1.45
Vanuatu,VUT,2010,1.45
Vanuatu,VUT,2011,1.45
Vanuatu,VUT,2012,1.46
Vanuatu,VUT,2013,1.47
Vanuatu,VUT,2014,1.45
Vanuatu,VUT,2015,1.45
Vanuatu,VUT,2016,1.44
Vanuatu,VUT,2017,1.45
Vanuatu,VUT,2018,1.46
Vanuatu,VUT,2019,1.47
Venezuela,VEN,2000,1.19
Venezuela,VEN,2001,1.25
Venezuela,VEN,2002,1.21
Venezuela,VEN,2003,1.04
Venezuela,VEN,2004,1.04
Venezuela,VEN,2005,0.99
Venezuela,VEN,2006,0.93
Venezuela,VEN,2007,0.92
Venezuela,VEN,2008,1.06
Venezuela,VEN,2009,0.97
Venezuela,VEN,2010,0.91
Venezuela,VEN,2011,0.74
Venezuela,VEN,2012,0.87
Venezuela,VEN,2013,0.71
Venezuela,VEN,2014,0.82
Venezuela,VEN,2015,0.86
Venezuela,VEN,2016,0.85
Venezuela,VEN,2017,0.88
Venezuela,VEN,2018,0.91
Venezuela,VEN,2019,0.93
Vietnam,VNM,2000,1.3
Vietnam,VNM,2001,1.33
Vietnam,VNM,2002,1.42
Vietnam,VNM,2003,1.44
Vietnam,VNM,2004,1.49
Vietnam,VNM,2005,1.5
Vietnam,VNM,2006,1.54
Vietnam,VNM,2007,1.6
Vietnam,VNM,2008,1.68
Vietnam,VNM,2009,1.72
Vietnam,VNM,2010,1.76
Vietnam,VNM,2011,1.84
Vietnam,VNM,2012,1.92
Vietnam,VNM,2013,1.98
Vietnam,VNM,2014,2.06
Vietnam,VNM,2015,2.13
Vietnam,VNM,2016,2.2
Vietnam,VNM,2017,2.24
Vietnam,VNM,2018,2.28
Vietnam,VNM,2019,2.32
World,OWID_WRL,2000,4.234326
World,OWID_WRL,2001,4.241608
World,OWID_WRL,2002,4.2633295
World,OWID_WRL,2003,4.299845
World,OWID_WRL,2004,4.2963743
World,OWID_WRL,2005,4.3194466
World,OWID_WRL,2006,4.2207932
World,OWID_WRL,2007,4.150421
World,OWID_WRL,2008,4.1435337
World,OWID_WRL,2009,4.035814
World,OWID_WRL,2010,3.9627907
World,OWID_WRL,2011,3.933623
World,OWID_WRL,2012,3.9213376
World,OWID_WRL,2013,3.9768543
World,OWID_WRL,2014,4.05814
World,OWID_WRL,2015,4.1844497
World,OWID_WRL,2016,4.2412353
World,OWID_WRL,2017,4.333568
World,OWID_WRL,2018,4.4280925
World,OWID_WRL,2019,4.502246
Yemen,YEM,2000,1.31
Yemen,YEM,2001,1.38
Yemen,YEM,2002,1.45
Yemen,YEM,2003,1.5
Yemen,YEM,2004,1.6
Yemen,YEM,2005,1.65
Yemen,YEM,2006,1.72
Yemen,YEM,2007,1.81
Yemen,YEM,2008,1.93
Yemen,YEM,2009,1.99
Yemen,YEM,2010,2.02
Yemen,YEM,2011,2.03
Yemen,YEM,2012,2.11
Yemen,YEM,2013,2.17
Yemen,YEM,2014,2.19
Yemen,YEM,2015,2.21
Yemen,YEM,2016,2.25
Yemen,YEM,2017,2.29
Yemen,YEM,2018,2.33
Yemen,YEM,2019,2.37
Zambia,ZMB,2000,1.8
Zambia,ZMB,2001,1.64
Zambia,ZMB,2002,1.61
Zambia,ZMB,2003,1.56
Zambia,ZMB,2004,1.61
Zambia,ZMB,2005,1.6
Zambia,ZMB,2006,1.61
Zambia,ZMB,2007,1.54
Zambia,ZMB,2008,1.53
Zambia,ZMB,2009,1.56
Zambia,ZMB,2010,1.56
Zambia,ZMB,2011,1.59
Zambia,ZMB,2012,1.51
Zambia,ZMB,2013,1.5
Zambia,ZMB,2014,1.51
Zambia,ZMB,2015,1.5
Zambia,ZMB,2016,1.5
Zambia,ZMB,2017,1.53
Zambia,ZMB,2018,1.52
Zambia,ZMB,2019,1.47
Zimbabwe,ZWE,2000,1.65
Zimbabwe,ZWE,2001,1.85
Zimbabwe,ZWE,2002,1.98
Zimbabwe,ZWE,2003,2.02
Zimbabwe,ZWE,2004,2.03
Zimbabwe,ZWE,2005,1.99
Zimbabwe,ZWE,2006,1.92
Zimbabwe,ZWE,2007,1.99
Zimbabwe,ZWE,2008,1.99
Zimbabwe,ZWE,2009,2
Zimbabwe,ZWE,2010,1.89
Zimbabwe,ZWE,2011,1.81
Zimbabwe,ZWE,2012,1.74
Zimbabwe,ZWE,2013,1.69
Zimbabwe,ZWE,2014,1.68
Zimbabwe,ZWE,2015,1.73
Zimbabwe,ZWE,2016,1.75
Zimbabwe,ZWE,2017,1.75
Zimbabwe,ZWE,2018,1.76
Zimbabwe,ZWE,2019,1.79